nm, %R
2500.000000, 11.627781
2499.000000, 11.347482
2498.000000, 11.224825
2497.000000, 11.376511
2496.000000, 11.277734
2495.000000, 11.513304
2494.000000, 11.290351
2493.000000, 11.118608
2492.000000, 10.960050
2491.000000, 11.484746
2490.000000, 11.272908
2489.000000, 11.724438
2488.000000, 11.395707
2487.000000, 11.596286
2486.000000, 11.339226
2485.000000, 11.115806
2484.000000, 11.588593
2483.000000, 11.466716
2482.000000, 11.335286
2481.000000, 11.295769
2480.000000, 11.390333
2479.000000, 11.198182
2478.000000, 11.471459
2477.000000, 11.417943
2476.000000, 11.216549
2475.000000, 11.519327
2474.000000, 11.375996
2473.000000, 11.231495
2472.000000, 11.346381
2471.000000, 11.399672
2470.000000, 11.258381
2469.000000, 11.343512
2468.000000, 11.589390
2467.000000, 11.442461
2466.000000, 11.321267
2465.000000, 11.260411
2464.000000, 11.322313
2463.000000, 11.353262
2462.000000, 11.416877
2461.000000, 11.296939
2460.000000, 11.422741
2459.000000, 11.425047
2458.000000, 11.382417
2457.000000, 11.344484
2456.000000, 11.439365
2455.000000, 11.298975
2454.000000, 11.332559
2453.000000, 11.374831
2452.000000, 11.419295
2451.000000, 11.355321
2450.000000, 11.318815
2449.000000, 11.359074
2448.000000, 11.402697
2447.000000, 11.365822
2446.000000, 11.345575
2445.000000, 11.386948
2444.000000, 11.333196
2443.000000, 11.350682
2442.000000, 11.372383
2441.000000, 11.377991
2440.000000, 11.367161
2439.000000, 11.398577
2438.000000, 11.351980
2437.000000, 11.358851
2436.000000, 11.370509
2435.000000, 11.372230
2434.000000, 11.378874
2433.000000, 11.385270
2432.000000, 11.340607
2431.000000, 11.333828
2430.000000, 11.372744
2429.000000, 11.362035
2428.000000, 11.352556
2427.000000, 11.326089
2426.000000, 11.335805
2425.000000, 11.405398
2424.000000, 11.380247
2423.000000, 11.366553
2422.000000, 11.389449
2421.000000, 11.394719
2420.000000, 11.399704
2419.000000, 11.364081
2418.000000, 11.360572
2417.000000, 11.373950
2416.000000, 11.355809
2415.000000, 11.343582
2414.000000, 11.349378
2413.000000, 11.364596
2412.000000, 11.366929
2411.000000, 11.377746
2410.000000, 11.394829
2409.000000, 11.373481
2408.000000, 11.367545
2407.000000, 11.375534
2406.000000, 11.383164
2405.000000, 11.376915
2404.000000, 11.399219
2403.000000, 11.392961
2402.000000, 11.370787
2401.000000, 11.373434
2400.000000, 11.372702
2399.000000, 11.349396
2398.000000, 11.351290
2397.000000, 11.372823
2396.000000, 11.390653
2395.000000, 11.400187
2394.000000, 11.393976
2393.000000, 11.401882
2392.000000, 11.403374
2391.000000, 11.383929
2390.000000, 11.376279
2389.000000, 11.400998
2388.000000, 11.420590
2387.000000, 11.409739
2386.000000, 11.403334
2385.000000, 11.424229
2384.000000, 11.396350
2383.000000, 11.392738
2382.000000, 11.404534
2381.000000, 11.410210
2380.000000, 11.390181
2379.000000, 11.388013
2378.000000, 11.424443
2377.000000, 11.438569
2376.000000, 11.439400
2375.000000, 11.449264
2374.000000, 11.438836
2373.000000, 11.424878
2372.000000, 11.417919
2371.000000, 11.432202
2370.000000, 11.434963
2369.000000, 11.432091
2368.000000, 11.433214
2367.000000, 11.442352
2366.000000, 11.432317
2365.000000, 11.442612
2364.000000, 11.430643
2363.000000, 11.423188
2362.000000, 11.446411
2361.000000, 11.459408
2360.000000, 11.428655
2359.000000, 11.437252
2358.000000, 11.446475
2357.000000, 11.461421
2356.000000, 11.469233
2355.000000, 11.449431
2354.000000, 11.428555
2353.000000, 11.455639
2352.000000, 11.465131
2351.000000, 11.442905
2350.000000, 11.478554
2349.000000, 11.471148
2348.000000, 11.467836
2347.000000, 11.453580
2346.000000, 11.475251
2345.000000, 11.450344
2344.000000, 11.468350
2343.000000, 11.468017
2342.000000, 11.470996
2341.000000, 11.469683
2340.000000, 11.477279
2339.000000, 11.446885
2338.000000, 11.468152
2337.000000, 11.455843
2336.000000, 11.443622
2335.000000, 11.470716
2334.000000, 11.459667
2333.000000, 11.473953
2332.000000, 11.469630
2331.000000, 11.455506
2330.000000, 11.467803
2329.000000, 11.476454
2328.000000, 11.445027
2327.000000, 11.469081
2326.000000, 11.463869
2325.000000, 11.474490
2324.000000, 11.476508
2323.000000, 11.464017
2322.000000, 11.492287
2321.000000, 11.483452
2320.000000, 11.472901
2319.000000, 11.476612
2318.000000, 11.487051
2317.000000, 11.488865
2316.000000, 11.487078
2315.000000, 11.500325
2314.000000, 11.473240
2313.000000, 11.498329
2312.000000, 11.508075
2311.000000, 11.505581
2310.000000, 11.496554
2309.000000, 11.500733
2308.000000, 11.502894
2307.000000, 11.505401
2306.000000, 11.505144
2305.000000, 11.506400
2304.000000, 11.522775
2303.000000, 11.531091
2302.000000, 11.514721
2301.000000, 11.510419
2300.000000, 11.514965
2299.000000, 11.494912
2298.000000, 11.513845
2297.000000, 11.521671
2296.000000, 11.508373
2295.000000, 11.486341
2294.000000, 11.503651
2293.000000, 11.492493
2292.000000, 11.491562
2291.000000, 11.493115
2290.000000, 11.492092
2289.000000, 11.510476
2288.000000, 11.477889
2287.000000, 11.491412
2286.000000, 11.486684
2285.000000, 11.478435
2284.000000, 11.469343
2283.000000, 11.469494
2282.000000, 11.471552
2281.000000, 11.480171
2280.000000, 11.468549
2279.000000, 11.461125
2278.000000, 11.462582
2277.000000, 11.474670
2276.000000, 11.475288
2275.000000, 11.455352
2274.000000, 11.458489
2273.000000, 11.471337
2272.000000, 11.461917
2271.000000, 11.454253
2270.000000, 11.450652
2269.000000, 11.455227
2268.000000, 11.448116
2267.000000, 11.440210
2266.000000, 11.441077
2265.000000, 11.449207
2264.000000, 11.443237
2263.000000, 11.438512
2262.000000, 11.440602
2261.000000, 11.450850
2260.000000, 11.446352
2259.000000, 11.429072
2258.000000, 11.443366
2257.000000, 11.440157
2256.000000, 11.426158
2255.000000, 11.427288
2254.000000, 11.438270
2253.000000, 11.421047
2252.000000, 11.426611
2251.000000, 11.421624
2250.000000, 11.418840
2249.000000, 11.430909
2248.000000, 11.434127
2247.000000, 11.423077
2246.000000, 11.429454
2245.000000, 11.425063
2244.000000, 11.422568
2243.000000, 11.426676
2242.000000, 11.423106
2241.000000, 11.420835
2240.000000, 11.425894
2239.000000, 11.423153
2238.000000, 11.416449
2237.000000, 11.425783
2236.000000, 11.414930
2235.000000, 11.411766
2234.000000, 11.419478
2233.000000, 11.411484
2232.000000, 11.419833
2231.000000, 11.417325
2230.000000, 11.421891
2229.000000, 11.426836
2228.000000, 11.422933
2227.000000, 11.419477
2226.000000, 11.418863
2225.000000, 11.412973
2224.000000, 11.421640
2223.000000, 11.412306
2222.000000, 11.412075
2221.000000, 11.419241
2220.000000, 11.424993
2219.000000, 11.421044
2218.000000, 11.418959
2217.000000, 11.417395
2216.000000, 11.418278
2215.000000, 11.423547
2214.000000, 11.425975
2213.000000, 11.419812
2212.000000, 11.418689
2211.000000, 11.421265
2210.000000, 11.432727
2209.000000, 11.431527
2208.000000, 11.430996
2207.000000, 11.433308
2206.000000, 11.433779
2205.000000, 11.437086
2204.000000, 11.440030
2203.000000, 11.438784
2202.000000, 11.443220
2201.000000, 11.450781
2200.000000, 11.453172
2199.000000, 11.441303
2198.000000, 11.443070
2197.000000, 11.443354
2196.000000, 11.434461
2195.000000, 11.436063
2194.000000, 11.439723
2193.000000, 11.438633
2192.000000, 11.432866
2191.000000, 11.429935
2190.000000, 11.433181
2189.000000, 11.427954
2188.000000, 11.423239
2187.000000, 11.430871
2186.000000, 11.430365
2185.000000, 11.425848
2184.000000, 11.425712
2183.000000, 11.428575
2182.000000, 11.435950
2181.000000, 11.427676
2180.000000, 11.426253
2179.000000, 11.430734
2178.000000, 11.428191
2177.000000, 11.427399
2176.000000, 11.427195
2175.000000, 11.428933
2174.000000, 11.427118
2173.000000, 11.430797
2172.000000, 11.429507
2171.000000, 11.429255
2170.000000, 11.428754
2169.000000, 11.429831
2168.000000, 11.434442
2167.000000, 11.435973
2166.000000, 11.430030
2165.000000, 11.429324
2164.000000, 11.434124
2163.000000, 11.434207
2162.000000, 11.435540
2161.000000, 11.443333
2160.000000, 11.440566
2159.000000, 11.444515
2158.000000, 11.449390
2157.000000, 11.438462
2156.000000, 11.444371
2155.000000, 11.448389
2154.000000, 11.450565
2153.000000, 11.445629
2152.000000, 11.447557
2151.000000, 11.455252
2150.000000, 11.455938
2149.000000, 11.458107
2148.000000, 11.457329
2147.000000, 11.459118
2146.000000, 11.464889
2145.000000, 11.466809
2144.000000, 11.468187
2143.000000, 11.466877
2142.000000, 11.464406
2141.000000, 11.474989
2140.000000, 11.475443
2139.000000, 11.467806
2138.000000, 11.468709
2137.000000, 11.461749
2136.000000, 11.459612
2135.000000, 11.469996
2134.000000, 11.465625
2133.000000, 11.466165
2132.000000, 11.464609
2131.000000, 11.463498
2130.000000, 11.461402
2129.000000, 11.465518
2128.000000, 11.468013
2127.000000, 11.459362
2126.000000, 11.457763
2125.000000, 11.457394
2124.000000, 11.458088
2123.000000, 11.463347
2122.000000, 11.451463
2121.000000, 11.455833
2120.000000, 11.443085
2119.000000, 11.444922
2118.000000, 11.448324
2117.000000, 11.439445
2116.000000, 11.436474
2115.000000, 11.436273
2114.000000, 11.428439
2113.000000, 11.438015
2112.000000, 11.423593
2111.000000, 11.417710
2110.000000, 11.412933
2109.000000, 11.413369
2108.000000, 11.418605
2107.000000, 11.398595
2106.000000, 11.398999
2105.000000, 11.402967
2104.000000, 11.401032
2103.000000, 11.386074
2102.000000, 11.386546
2101.000000, 11.390241
2100.000000, 11.385158
2099.000000, 11.393346
2098.000000, 11.395076
2097.000000, 11.383915
2096.000000, 11.399171
2095.000000, 11.402628
2094.000000, 11.404583
2093.000000, 11.414842
2092.000000, 11.412550
2091.000000, 11.420877
2090.000000, 11.417391
2089.000000, 11.419320
2088.000000, 11.433118
2087.000000, 11.427891
2086.000000, 11.437008
2085.000000, 11.436735
2084.000000, 11.443241
2083.000000, 11.447250
2082.000000, 11.452074
2081.000000, 11.452475
2080.000000, 11.461440
2079.000000, 11.466209
2078.000000, 11.467869
2077.000000, 11.465711
2076.000000, 11.476115
2075.000000, 11.478174
2074.000000, 11.482480
2073.000000, 11.493541
2072.000000, 11.489949
2071.000000, 11.498471
2070.000000, 11.498898
2069.000000, 11.502685
2068.000000, 11.517280
2067.000000, 11.516726
2066.000000, 11.511444
2065.000000, 11.519177
2064.000000, 11.534104
2063.000000, 11.524445
2062.000000, 11.529815
2061.000000, 11.539629
2060.000000, 11.539205
2059.000000, 11.545633
2058.000000, 11.553617
2057.000000, 11.560810
2056.000000, 11.560210
2055.000000, 11.577146
2054.000000, 11.568135
2053.000000, 11.567633
2052.000000, 11.578873
2051.000000, 11.584901
2050.000000, 11.594712
2049.000000, 11.601646
2048.000000, 11.599669
2047.000000, 11.603424
2046.000000, 11.614052
2045.000000, 11.622373
2044.000000, 11.615844
2043.000000, 11.627156
2042.000000, 11.626385
2041.000000, 11.644893
2040.000000, 11.646630
2039.000000, 11.645682
2038.000000, 11.659243
2037.000000, 11.656799
2036.000000, 11.662118
2035.000000, 11.670901
2034.000000, 11.667998
2033.000000, 11.684143
2032.000000, 11.686677
2031.000000, 11.683818
2030.000000, 11.691864
2029.000000, 11.698314
2028.000000, 11.704320
2027.000000, 11.713610
2026.000000, 11.716196
2025.000000, 11.717878
2024.000000, 11.719406
2023.000000, 11.724686
2022.000000, 11.733002
2021.000000, 11.735523
2020.000000, 11.740128
2019.000000, 11.746611
2018.000000, 11.751237
2017.000000, 11.751706
2016.000000, 11.757318
2015.000000, 11.761163
2014.000000, 11.769790
2013.000000, 11.768970
2012.000000, 11.776644
2011.000000, 11.776568
2010.000000, 11.787452
2009.000000, 11.794989
2008.000000, 11.795602
2007.000000, 11.799557
2006.000000, 11.804494
2005.000000, 11.813827
2004.000000, 11.818900
2003.000000, 11.819223
2002.000000, 11.818326
2001.000000, 11.817290
2000.000000, 11.823670
1999.000000, 11.828438
1998.000000, 11.831657
1997.000000, 11.829943
1996.000000, 11.831042
1995.000000, 11.831557
1994.000000, 11.833209
1993.000000, 11.831818
1992.000000, 11.830300
1991.000000, 11.837921
1990.000000, 11.842909
1989.000000, 11.840307
1988.000000, 11.842995
1987.000000, 11.846450
1986.000000, 11.845889
1985.000000, 11.849122
1984.000000, 11.846629
1983.000000, 11.852068
1982.000000, 11.853833
1981.000000, 11.857418
1980.000000, 11.860833
1979.000000, 11.855842
1978.000000, 11.858595
1977.000000, 11.863690
1976.000000, 11.865021
1975.000000, 11.868613
1974.000000, 11.868361
1973.000000, 11.871053
1972.000000, 11.872849
1971.000000, 11.875288
1970.000000, 11.877688
1969.000000, 11.881908
1968.000000, 11.884968
1967.000000, 11.890499
1966.000000, 11.897228
1965.000000, 11.899687
1964.000000, 11.901566
1963.000000, 11.902639
1962.000000, 11.908926
1961.000000, 11.912677
1960.000000, 11.913417
1959.000000, 11.921128
1958.000000, 11.925102
1957.000000, 11.924665
1956.000000, 11.929736
1955.000000, 11.933840
1954.000000, 11.934683
1953.000000, 11.940791
1952.000000, 11.945197
1951.000000, 11.945990
1950.000000, 11.953105
1949.000000, 11.959230
1948.000000, 11.962415
1947.000000, 11.966502
1946.000000, 11.968564
1945.000000, 11.972261
1944.000000, 11.977174
1943.000000, 11.980963
1942.000000, 11.988770
1941.000000, 11.990848
1940.000000, 11.996546
1939.000000, 11.998890
1938.000000, 12.002065
1937.000000, 12.007181
1936.000000, 12.008548
1935.000000, 12.020038
1934.000000, 12.025158
1933.000000, 12.030551
1932.000000, 12.038149
1931.000000, 12.045516
1930.000000, 12.050222
1929.000000, 12.051724
1928.000000, 12.058455
1927.000000, 12.065759
1926.000000, 12.074399
1925.000000, 12.083841
1924.000000, 12.088880
1923.000000, 12.093747
1922.000000, 12.103598
1921.000000, 12.114351
1920.000000, 12.122706
1919.000000, 12.130770
1918.000000, 12.141389
1917.000000, 12.144276
1916.000000, 12.154790
1915.000000, 12.162498
1914.000000, 12.172782
1913.000000, 12.185519
1912.000000, 12.196358
1911.000000, 12.203898
1910.000000, 12.216901
1909.000000, 12.230732
1908.000000, 12.237832
1907.000000, 12.248632
1906.000000, 12.256690
1905.000000, 12.270721
1904.000000, 12.280727
1903.000000, 12.292471
1902.000000, 12.302821
1901.000000, 12.318425
1900.000000, 12.326433
1899.000000, 12.333445
1898.000000, 12.347170
1897.000000, 12.364426
1896.000000, 12.373405
1895.000000, 12.375102
1894.000000, 12.383162
1893.000000, 12.387199
1892.000000, 12.395076
1891.000000, 12.398068
1890.000000, 12.412900
1889.000000, 12.416768
1888.000000, 12.418477
1887.000000, 12.424742
1886.000000, 12.426386
1885.000000, 12.430595
1884.000000, 12.436812
1883.000000, 12.441174
1882.000000, 12.442307
1881.000000, 12.445153
1880.000000, 12.453930
1879.000000, 12.454771
1878.000000, 12.462551
1877.000000, 12.465920
1876.000000, 12.472375
1875.000000, 12.481937
1874.000000, 12.490298
1873.000000, 12.501489
1872.000000, 12.513939
1871.000000, 12.519019
1870.000000, 12.538533
1869.000000, 12.548865
1868.000000, 12.555552
1867.000000, 12.567013
1866.000000, 12.587252
1865.000000, 12.594410
1864.000000, 12.595996
1863.000000, 12.600378
1862.000000, 12.604080
1861.000000, 12.616971
1860.000000, 12.621998
1859.000000, 12.637433
1858.000000, 12.640883
1857.000000, 12.649048
1856.000000, 12.654481
1855.000000, 12.668909
1854.000000, 12.669658
1853.000000, 12.680391
1852.000000, 12.687796
1851.000000, 12.693205
1850.000000, 12.698511
1849.000000, 12.708615
1848.000000, 12.707969
1847.000000, 12.722268
1846.000000, 12.732396
1845.000000, 12.742308
1844.000000, 12.749922
1843.000000, 12.754180
1842.000000, 12.762406
1841.000000, 12.775277
1840.000000, 12.780737
1839.000000, 12.788747
1838.000000, 12.798018
1837.000000, 12.803409
1836.000000, 12.820616
1835.000000, 12.827532
1834.000000, 12.833669
1833.000000, 12.844728
1832.000000, 12.844291
1831.000000, 12.848817
1830.000000, 12.859370
1829.000000, 12.872711
1828.000000, 12.875822
1827.000000, 12.890277
1826.000000, 12.897442
1825.000000, 12.897889
1824.000000, 12.910778
1823.000000, 12.929942
1822.000000, 12.939014
1821.000000, 12.938501
1820.000000, 12.948939
1819.000000, 12.961610
1818.000000, 12.972173
1817.000000, 12.982138
1816.000000, 12.996385
1815.000000, 12.999845
1814.000000, 13.007646
1813.000000, 13.013347
1812.000000, 13.032651
1811.000000, 13.037143
1810.000000, 13.044321
1809.000000, 13.053988
1808.000000, 13.066484
1807.000000, 13.073736
1806.000000, 13.083622
1805.000000, 13.098329
1804.000000, 13.105718
1803.000000, 13.120708
1802.000000, 13.124638
1801.000000, 13.141431
1800.000000, 13.145884
1799.000000, 13.158001
1798.000000, 13.166593
1797.000000, 13.176798
1796.000000, 13.186638
1795.000000, 13.192947
1794.000000, 13.201975
1793.000000, 13.208967
1792.000000, 13.222458
1791.000000, 13.232402
1790.000000, 13.245025
1789.000000, 13.257211
1788.000000, 13.264243
1787.000000, 13.275416
1786.000000, 13.286115
1785.000000, 13.299813
1784.000000, 13.307525
1783.000000, 13.324105
1782.000000, 13.338161
1781.000000, 13.344512
1780.000000, 13.356492
1779.000000, 13.373125
1778.000000, 13.382431
1777.000000, 13.393804
1776.000000, 13.403271
1775.000000, 13.414195
1774.000000, 13.423219
1773.000000, 13.431021
1772.000000, 13.439683
1771.000000, 13.450928
1770.000000, 13.463960
1769.000000, 13.478364
1768.000000, 13.486381
1767.000000, 13.494457
1766.000000, 13.504490
1765.000000, 13.515138
1764.000000, 13.523865
1763.000000, 13.534928
1762.000000, 13.549103
1761.000000, 13.558802
1760.000000, 13.569174
1759.000000, 13.581709
1758.000000, 13.593142
1757.000000, 13.605297
1756.000000, 13.615690
1755.000000, 13.629636
1754.000000, 13.643059
1753.000000, 13.651320
1752.000000, 13.661268
1751.000000, 13.678358
1750.000000, 13.688805
1749.000000, 13.697116
1748.000000, 13.708455
1747.000000, 13.716215
1746.000000, 13.726943
1745.000000, 13.740853
1744.000000, 13.751850
1743.000000, 13.764329
1742.000000, 13.776521
1741.000000, 13.789303
1740.000000, 13.802049
1739.000000, 13.813697
1738.000000, 13.827025
1737.000000, 13.838867
1736.000000, 13.850830
1735.000000, 13.863449
1734.000000, 13.875841
1733.000000, 13.890822
1732.000000, 13.902568
1731.000000, 13.910923
1730.000000, 13.923692
1729.000000, 13.940037
1728.000000, 13.950989
1727.000000, 13.964836
1726.000000, 13.978137
1725.000000, 13.988226
1724.000000, 14.001120
1723.000000, 14.013956
1722.000000, 14.023543
1721.000000, 14.030117
1720.000000, 14.043935
1719.000000, 14.055556
1718.000000, 14.066436
1717.000000, 14.077856
1716.000000, 14.092854
1715.000000, 14.104245
1714.000000, 14.116257
1713.000000, 14.124972
1712.000000, 14.132912
1711.000000, 14.145097
1710.000000, 14.156724
1709.000000, 14.167368
1708.000000, 14.177322
1707.000000, 14.191801
1706.000000, 14.202540
1705.000000, 14.212956
1704.000000, 14.223056
1703.000000, 14.237856
1702.000000, 14.249628
1701.000000, 14.264742
1700.000000, 14.273092
1699.000000, 14.283489
1698.000000, 14.294565
1697.000000, 14.307126
1696.000000, 14.320793
1695.000000, 14.335374
1694.000000, 14.345411
1693.000000, 14.359296
1692.000000, 14.374925
1691.000000, 14.386105
1690.000000, 14.398870
1689.000000, 14.415989
1688.000000, 14.420197
1687.000000, 14.431188
1686.000000, 14.447700
1685.000000, 14.460975
1684.000000, 14.468723
1683.000000, 14.484525
1682.000000, 14.495982
1681.000000, 14.508501
1680.000000, 14.525008
1679.000000, 14.538656
1678.000000, 14.552788
1677.000000, 14.566034
1676.000000, 14.577571
1675.000000, 14.588978
1674.000000, 14.601484
1673.000000, 14.616222
1672.000000, 14.630316
1671.000000, 14.642549
1670.000000, 14.656167
1669.000000, 14.664942
1668.000000, 14.687817
1667.000000, 14.700058
1666.000000, 14.713349
1665.000000, 14.724370
1664.000000, 14.737894
1663.000000, 14.754947
1662.000000, 14.766204
1661.000000, 14.776126
1660.000000, 14.798964
1659.000000, 14.806086
1658.000000, 14.817076
1657.000000, 14.838077
1656.000000, 14.843179
1655.000000, 14.862862
1654.000000, 14.876565
1653.000000, 14.886393
1652.000000, 14.901272
1651.000000, 14.914707
1650.000000, 14.930219
1649.000000, 14.941326
1648.000000, 14.954359
1647.000000, 14.976662
1646.000000, 14.987715
1645.000000, 14.997488
1644.000000, 15.012791
1643.000000, 15.025532
1642.000000, 15.037994
1641.000000, 15.053993
1640.000000, 15.071411
1639.000000, 15.085489
1638.000000, 15.102542
1637.000000, 15.111861
1636.000000, 15.124688
1635.000000, 15.136037
1634.000000, 15.155232
1633.000000, 15.174939
1632.000000, 15.182111
1631.000000, 15.198825
1630.000000, 15.219704
1629.000000, 15.230782
1628.000000, 15.247225
1627.000000, 15.254898
1626.000000, 15.270376
1625.000000, 15.285605
1624.000000, 15.298752
1623.000000, 15.314383
1622.000000, 15.333959
1621.000000, 15.342249
1620.000000, 15.359807
1619.000000, 15.377869
1618.000000, 15.391611
1617.000000, 15.407191
1616.000000, 15.420960
1615.000000, 15.438355
1614.000000, 15.448038
1613.000000, 15.467309
1612.000000, 15.484067
1611.000000, 15.492925
1610.000000, 15.507955
1609.000000, 15.523752
1608.000000, 15.541015
1607.000000, 15.559432
1606.000000, 15.571522
1605.000000, 15.591849
1604.000000, 15.612789
1603.000000, 15.622604
1602.000000, 15.640535
1601.000000, 15.658253
1600.000000, 15.677208
1599.000000, 15.692615
1598.000000, 15.704776
1597.000000, 15.724526
1596.000000, 15.737701
1595.000000, 15.756098
1594.000000, 15.771471
1593.000000, 15.789482
1592.000000, 15.803041
1591.000000, 15.820796
1590.000000, 15.831832
1589.000000, 15.850315
1588.000000, 15.871244
1587.000000, 15.882563
1586.000000, 15.903597
1585.000000, 15.922195
1584.000000, 15.934771
1583.000000, 15.952880
1582.000000, 15.965687
1581.000000, 15.988283
1580.000000, 16.006147
1579.000000, 16.020623
1578.000000, 16.038585
1577.000000, 16.054740
1576.000000, 16.071046
1575.000000, 16.085752
1574.000000, 16.105627
1573.000000, 16.118527
1572.000000, 16.135390
1571.000000, 16.151626
1570.000000, 16.171122
1569.000000, 16.190848
1568.000000, 16.204447
1567.000000, 16.220535
1566.000000, 16.241896
1565.000000, 16.261934
1564.000000, 16.273858
1563.000000, 16.289756
1562.000000, 16.304610
1561.000000, 16.318698
1560.000000, 16.340798
1559.000000, 16.355803
1558.000000, 16.372391
1557.000000, 16.387930
1556.000000, 16.404164
1555.000000, 16.421853
1554.000000, 16.438659
1553.000000, 16.453657
1552.000000, 16.470082
1551.000000, 16.487022
1550.000000, 16.505000
1549.000000, 16.520429
1548.000000, 16.536963
1547.000000, 16.553807
1546.000000, 16.566062
1545.000000, 16.583706
1544.000000, 16.608012
1543.000000, 16.626979
1542.000000, 16.636877
1541.000000, 16.649195
1540.000000, 16.666761
1539.000000, 16.685271
1538.000000, 16.702897
1537.000000, 16.719153
1536.000000, 16.736313
1535.000000, 16.753689
1534.000000, 16.772270
1533.000000, 16.789538
1532.000000, 16.802689
1531.000000, 16.819568
1530.000000, 16.834776
1529.000000, 16.847872
1528.000000, 16.865037
1527.000000, 16.881092
1526.000000, 16.896402
1525.000000, 16.914591
1524.000000, 16.935125
1523.000000, 16.951518
1522.000000, 16.967105
1521.000000, 16.984562
1520.000000, 17.002064
1519.000000, 17.018297
1518.000000, 17.039220
1517.000000, 17.057795
1516.000000, 17.070878
1515.000000, 17.090923
1514.000000, 17.111048
1513.000000, 17.130475
1512.000000, 17.146989
1511.000000, 17.160113
1510.000000, 17.180209
1509.000000, 17.199833
1508.000000, 17.220963
1507.000000, 17.239378
1506.000000, 17.251659
1505.000000, 17.270612
1504.000000, 17.291786
1503.000000, 17.306666
1502.000000, 17.324386
1501.000000, 17.343382
1500.000000, 17.365471
1499.000000, 17.388324
1498.000000, 17.406663
1497.000000, 17.425699
1496.000000, 17.438755
1495.000000, 17.455700
1494.000000, 17.478495
1493.000000, 17.498794
1492.000000, 17.520025
1491.000000, 17.535177
1490.000000, 17.556109
1489.000000, 17.575485
1488.000000, 17.595574
1487.000000, 17.619845
1486.000000, 17.635603
1485.000000, 17.652632
1484.000000, 17.671206
1483.000000, 17.690590
1482.000000, 17.713308
1481.000000, 17.732210
1480.000000, 17.745446
1479.000000, 17.764172
1478.000000, 17.779539
1477.000000, 17.797915
1476.000000, 17.811328
1475.000000, 17.829866
1474.000000, 17.849914
1473.000000, 17.871849
1472.000000, 17.890272
1471.000000, 17.908483
1470.000000, 17.926474
1469.000000, 17.938236
1468.000000, 17.950154
1467.000000, 17.969094
1466.000000, 17.990772
1465.000000, 18.008438
1464.000000, 18.016911
1463.000000, 18.033431
1462.000000, 18.057224
1461.000000, 18.077208
1460.000000, 18.093926
1459.000000, 18.116074
1458.000000, 18.133954
1457.000000, 18.152185
1456.000000, 18.176779
1455.000000, 18.192416
1454.000000, 18.209451
1453.000000, 18.230689
1452.000000, 18.252946
1451.000000, 18.268314
1450.000000, 18.284343
1449.000000, 18.300003
1448.000000, 18.315576
1447.000000, 18.335805
1446.000000, 18.355226
1445.000000, 18.370535
1444.000000, 18.388865
1443.000000, 18.393976
1442.000000, 18.414368
1441.000000, 18.438107
1440.000000, 18.450160
1439.000000, 18.470172
1438.000000, 18.490273
1437.000000, 18.511556
1436.000000, 18.534761
1435.000000, 18.559044
1434.000000, 18.564889
1433.000000, 18.582034
1432.000000, 18.603134
1431.000000, 18.624872
1430.000000, 18.638176
1429.000000, 18.651183
1428.000000, 18.673219
1427.000000, 18.685777
1426.000000, 18.709787
1425.000000, 18.727210
1424.000000, 18.752233
1423.000000, 18.775076
1422.000000, 18.785665
1421.000000, 18.803801
1420.000000, 18.831672
1419.000000, 18.848738
1418.000000, 18.863555
1417.000000, 18.882401
1416.000000, 18.897517
1415.000000, 18.920342
1414.000000, 18.933748
1413.000000, 18.969620
1412.000000, 18.974831
1411.000000, 19.007725
1410.000000, 19.029313
1409.000000, 19.037066
1408.000000, 19.057531
1407.000000, 19.072908
1406.000000, 19.091744
1405.000000, 19.108884
1404.000000, 19.106557
1403.000000, 19.119206
1402.000000, 19.140214
1401.000000, 19.152569
1400.000000, 19.173425
1399.000000, 19.195153
1398.000000, 19.210644
1397.000000, 19.231750
1396.000000, 19.241672
1395.000000, 19.257061
1394.000000, 19.260761
1393.000000, 19.270672
1392.000000, 19.286360
1391.000000, 19.314125
1390.000000, 19.330641
1389.000000, 19.353390
1388.000000, 19.376495
1387.000000, 19.407647
1386.000000, 19.439221
1385.000000, 19.465041
1384.000000, 19.470815
1383.000000, 19.473967
1382.000000, 19.470744
1381.000000, 19.446253
1380.000000, 19.436290
1379.000000, 19.435388
1378.000000, 19.438697
1377.000000, 19.440674
1376.000000, 19.464304
1375.000000, 19.493071
1374.000000, 19.538884
1373.000000, 19.578760
1372.000000, 19.606881
1371.000000, 19.638302
1370.000000, 19.651733
1369.000000, 19.670002
1368.000000, 19.673427
1367.000000, 19.687159
1366.000000, 19.702271
1365.000000, 19.708674
1364.000000, 19.711770
1363.000000, 19.712928
1362.000000, 19.718916
1361.000000, 19.716659
1360.000000, 19.717155
1359.000000, 19.720536
1358.000000, 19.735311
1357.000000, 19.731230
1356.000000, 19.721821
1355.000000, 19.733424
1354.000000, 19.741385
1353.000000, 19.763726
1352.000000, 19.788104
1351.000000, 19.792117
1350.000000, 19.797959
1349.000000, 19.813295
1348.000000, 19.831538
1347.000000, 19.838054
1346.000000, 19.859146
1345.000000, 19.882026
1344.000000, 19.892926
1343.000000, 19.907923
1342.000000, 19.922209
1341.000000, 19.940944
1340.000000, 19.952465
1339.000000, 19.964840
1338.000000, 19.977257
1337.000000, 19.986619
1336.000000, 19.999129
1335.000000, 20.009230
1334.000000, 20.014959
1333.000000, 20.024109
1332.000000, 20.030898
1331.000000, 20.037607
1330.000000, 20.044156
1329.000000, 20.045619
1328.000000, 20.043468
1327.000000, 20.053059
1326.000000, 20.067024
1325.000000, 20.074776
1324.000000, 20.078908
1323.000000, 20.080392
1322.000000, 20.081791
1321.000000, 20.095508
1320.000000, 20.106246
1319.000000, 20.103014
1318.000000, 20.106693
1317.000000, 20.121300
1316.000000, 20.121974
1315.000000, 20.122837
1314.000000, 20.128792
1313.000000, 20.133441
1312.000000, 20.135541
1311.000000, 20.147208
1310.000000, 20.152906
1309.000000, 20.149261
1308.000000, 20.151974
1307.000000, 20.158535
1306.000000, 20.166803
1305.000000, 20.173251
1304.000000, 20.171003
1303.000000, 20.169018
1302.000000, 20.177711
1301.000000, 20.184957
1300.000000, 20.186664
1299.000000, 20.191039
1298.000000, 20.194494
1297.000000, 20.198666
1296.000000, 20.205565
1295.000000, 20.208232
1294.000000, 20.207513
1293.000000, 20.205431
1292.000000, 20.208679
1291.000000, 20.214914
1290.000000, 20.212488
1289.000000, 20.213190
1288.000000, 20.219270
1287.000000, 20.218464
1286.000000, 20.219067
1285.000000, 20.226335
1284.000000, 20.231161
1283.000000, 20.231531
1282.000000, 20.229259
1281.000000, 20.230909
1280.000000, 20.230334
1279.000000, 20.231728
1278.000000, 20.234428
1277.000000, 20.235805
1276.000000, 20.235592
1275.000000, 20.231756
1274.000000, 20.227780
1273.000000, 20.224796
1272.000000, 20.220393
1271.000000, 20.217032
1270.000000, 20.215587
1269.000000, 20.213465
1268.000000, 20.209908
1267.000000, 20.211610
1266.000000, 20.206905
1265.000000, 20.204444
1264.000000, 20.204324
1263.000000, 20.197418
1262.000000, 20.191863
1261.000000, 20.188024
1260.000000, 20.179139
1259.000000, 20.171258
1258.000000, 20.165605
1257.000000, 20.158232
1256.000000, 20.157914
1255.000000, 20.155358
1254.000000, 20.153613
1253.000000, 20.148442
1252.000000, 20.144356
1251.000000, 20.138430
1250.000000, 20.126564
1249.000000, 20.121627
1248.000000, 20.115597
1247.000000, 20.110492
1246.000000, 20.099634
1245.000000, 20.098226
1244.000000, 20.096950
1243.000000, 20.086908
1242.000000, 20.078600
1241.000000, 20.070776
1240.000000, 20.062521
1239.000000, 20.056822
1238.000000, 20.048659
1237.000000, 20.040685
1236.000000, 20.040792
1235.000000, 20.027031
1234.000000, 20.016007
1233.000000, 20.012065
1232.000000, 20.009006
1231.000000, 19.994715
1230.000000, 19.987189
1229.000000, 19.980028
1228.000000, 19.967239
1227.000000, 19.956064
1226.000000, 19.943022
1225.000000, 19.932012
1224.000000, 19.923038
1223.000000, 19.914117
1222.000000, 19.899195
1221.000000, 19.882648
1220.000000, 19.868176
1219.000000, 19.861299
1218.000000, 19.847187
1217.000000, 19.831166
1216.000000, 19.819776
1215.000000, 19.803351
1214.000000, 19.790924
1213.000000, 19.769897
1212.000000, 19.764220
1211.000000, 19.739303
1210.000000, 19.734341
1209.000000, 19.712470
1208.000000, 19.699638
1207.000000, 19.681356
1206.000000, 19.660020
1205.000000, 19.650476
1204.000000, 19.638570
1203.000000, 19.615668
1202.000000, 19.592145
1201.000000, 19.584700
1200.000000, 19.566509
1199.000000, 19.550065
1198.000000, 19.524094
1197.000000, 19.508774
1196.000000, 19.497915
1195.000000, 19.479253
1194.000000, 19.469166
1193.000000, 19.451936
1192.000000, 19.427516
1191.000000, 19.414419
1190.000000, 19.389010
1189.000000, 19.381453
1188.000000, 19.361193
1187.000000, 19.348846
1186.000000, 19.327926
1185.000000, 19.306060
1184.000000, 19.286883
1183.000000, 19.264741
1182.000000, 19.237626
1181.000000, 19.227229
1180.000000, 19.203835
1179.000000, 19.186606
1178.000000, 19.164858
1177.000000, 19.142761
1176.000000, 19.122278
1175.000000, 19.094123
1174.000000, 19.084212
1173.000000, 19.065726
1172.000000, 19.040290
1171.000000, 19.019049
1170.000000, 18.994407
1169.000000, 18.979153
1168.000000, 18.950789
1167.000000, 18.928754
1166.000000, 18.910860
1165.000000, 18.881787
1164.000000, 18.862617
1163.000000, 18.837949
1162.000000, 18.823437
1161.000000, 18.798782
1160.000000, 18.777181
1159.000000, 18.758369
1158.000000, 18.732222
1157.000000, 18.702116
1156.000000, 18.679859
1155.000000, 18.656647
1154.000000, 18.633610
1153.000000, 18.612137
1152.000000, 18.584668
1151.000000, 18.562757
1150.000000, 18.534972
1149.000000, 18.510062
1148.000000, 18.484903
1147.000000, 18.461976
1146.000000, 18.435932
1145.000000, 18.404267
1144.000000, 18.375959
1143.000000, 18.352253
1142.000000, 18.323550
1141.000000, 18.302834
1140.000000, 18.282306
1139.000000, 18.258155
1138.000000, 18.234376
1137.000000, 18.212860
1136.000000, 18.185673
1135.000000, 18.157969
1134.000000, 18.124544
1133.000000, 18.095513
1132.000000, 18.071203
1131.000000, 18.042010
1130.000000, 18.018704
1129.000000, 17.993215
1128.000000, 17.965108
1127.000000, 17.940657
1126.000000, 17.917055
1125.000000, 17.888956
1124.000000, 17.860256
1123.000000, 17.835809
1122.000000, 17.804689
1121.000000, 17.779071
1120.000000, 17.753585
1119.000000, 17.724683
1118.000000, 17.696413
1117.000000, 17.665884
1116.000000, 17.638185
1115.000000, 17.608519
1114.000000, 17.584907
1113.000000, 17.561320
1112.000000, 17.534691
1111.000000, 17.507928
1110.000000, 17.484337
1109.000000, 17.457836
1108.000000, 17.431123
1107.000000, 17.407566
1106.000000, 17.380542
1105.000000, 17.353576
1104.000000, 17.328564
1103.000000, 17.300289
1102.000000, 17.277247
1101.000000, 17.251513
1100.000000, 17.222966
1099.000000, 17.195197
1098.000000, 17.163827
1097.000000, 17.140081
1096.000000, 17.122073
1095.000000, 17.095402
1094.000000, 17.064537
1093.000000, 17.039267
1092.000000, 17.014019
1091.000000, 16.987053
1090.000000, 16.961603
1089.000000, 16.939256
1088.000000, 16.916045
1087.000000, 16.886859
1086.000000, 16.860434
1085.000000, 16.836999
1084.000000, 16.814618
1083.000000, 16.789557
1082.000000, 16.762795
1081.000000, 16.738492
1080.000000, 16.717699
1079.000000, 16.693952
1078.000000, 16.667812
1077.000000, 16.640891
1076.000000, 16.614887
1075.000000, 16.597078
1074.000000, 16.576594
1073.000000, 16.549079
1072.000000, 16.521835
1071.000000, 16.499550
1070.000000, 16.479332
1069.000000, 16.456955
1068.000000, 16.437594
1067.000000, 16.417235
1066.000000, 16.391459
1065.000000, 16.367741
1064.000000, 16.346873
1063.000000, 16.329037
1062.000000, 16.308016
1061.000000, 16.287912
1060.000000, 16.264580
1059.000000, 16.241923
1058.000000, 16.225014
1057.000000, 16.205754
1056.000000, 16.188685
1055.000000, 16.172341
1054.000000, 16.157277
1053.000000, 16.138046
1052.000000, 16.118467
1051.000000, 16.098528
1050.000000, 16.078829
1049.000000, 16.068466
1048.000000, 16.053585
1047.000000, 16.031747
1046.000000, 16.016482
1045.000000, 16.000765
1044.000000, 15.988501
1043.000000, 15.974839
1042.000000, 15.959838
1041.000000, 15.948415
1040.000000, 15.939562
1039.000000, 15.925717
1038.000000, 15.910055
1037.000000, 15.894551
1036.000000, 15.888486
1035.000000, 15.877202
1034.000000, 15.860809
1033.000000, 15.855291
1032.000000, 15.846002
1031.000000, 15.838401
1030.000000, 15.822836
1029.000000, 15.819550
1028.000000, 15.810200
1027.000000, 15.800645
1026.000000, 15.792817
1025.000000, 15.791108
1024.000000, 15.783842
1023.000000, 15.777933
1022.000000, 15.777893
1021.000000, 15.775200
1020.000000, 15.765964
1019.000000, 15.751450
1018.000000, 15.757959
1017.000000, 15.753756
1016.000000, 15.755581
1015.000000, 15.756869
1014.000000, 15.751075
1013.000000, 15.749683
1012.000000, 15.751562
1011.000000, 15.748769
1010.000000, 15.750779
1009.000000, 15.754154
1008.000000, 15.755653
1007.000000, 15.756900
1006.000000, 15.761821
1005.000000, 15.762838
1004.000000, 15.771692
1003.000000, 15.779747
1002.000000, 15.784178
1001.000000, 15.790985
1000.000000, 15.799935
999.000000, 15.802975
998.000000, 15.809475
997.000000, 15.820859
996.000000, 15.828319
995.000000, 15.844322
994.000000, 15.851477
993.000000, 15.856403
992.000000, 15.876882
991.000000, 15.879876
990.000000, 15.892040
989.000000, 15.910344
988.000000, 15.924421
987.000000, 15.942143
986.000000, 15.956530
985.000000, 15.971989
984.000000, 15.982470
983.000000, 16.003338
982.000000, 16.021886
981.000000, 16.036671
980.000000, 16.054318
979.000000, 16.071285
978.000000, 16.094070
977.000000, 16.115554
976.000000, 16.128412
975.000000, 16.155892
974.000000, 16.182046
973.000000, 16.204219
972.000000, 16.220610
971.000000, 16.249370
970.000000, 16.277679
969.000000, 16.300237
968.000000, 16.318837
967.000000, 16.352291
966.000000, 16.375232
965.000000, 16.405721
964.000000, 16.427429
963.000000, 16.464483
962.000000, 16.495011
961.000000, 16.530062
960.000000, 16.551963
959.000000, 16.581760
958.000000, 16.622464
957.000000, 16.648328
956.000000, 16.681647
955.000000, 16.717972
954.000000, 16.749492
953.000000, 16.782715
952.000000, 16.813716
951.000000, 16.843440
950.000000, 16.896164
949.000000, 16.931624
948.000000, 16.954250
947.000000, 16.993395
946.000000, 17.035475
945.000000, 17.068714
944.000000, 17.118247
943.000000, 17.157734
942.000000, 17.189552
941.000000, 17.234339
940.000000, 17.273182
939.000000, 17.302542
938.000000, 17.344843
937.000000, 17.382893
936.000000, 17.426710
935.000000, 17.465654
934.000000, 17.501577
933.000000, 17.547410
932.000000, 17.588054
931.000000, 17.622724
930.000000, 17.667018
929.000000, 17.712217
928.000000, 17.749421
927.000000, 17.787462
926.000000, 17.831505
925.000000, 17.884891
924.000000, 17.942199
923.000000, 17.991953
922.000000, 18.048201
921.000000, 18.107179
920.000000, 18.169847
919.000000, 18.227246
918.000000, 18.297363
917.000000, 18.356151
916.000000, 18.422838
915.000000, 18.491211
914.000000, 18.558293
913.000000, 18.628303
912.000000, 18.694871
911.000000, 18.768694
910.000000, 18.844984
909.000000, 18.914089
908.000000, 18.985357
907.000000, 19.061437
906.000000, 19.133063
905.000000, 19.207014
904.000000, 19.281788
903.000000, 19.355362
902.000000, 19.433962
901.000000, 19.512285
900.000000, 19.591889
899.000000, 19.672270
898.000000, 19.748112
897.000000, 19.824825
896.000000, 19.907567
895.000000, 19.990214
894.000000, 20.070698
893.000000, 20.152572
892.000000, 20.235466
891.000000, 20.318184
890.000000, 20.400911
889.000000, 20.490697
888.000000, 20.577890
887.000000, 20.660672
886.000000, 20.747064
885.000000, 20.831685
884.000000, 20.925481
883.000000, 21.015888
882.000000, 21.104846
881.000000, 21.199238
880.000000, 21.287210
879.000000, 21.374157
878.000000, 21.465343
877.000000, 21.557374
876.000000, 21.644119
875.000000, 21.737473
874.000000, 21.843148
873.000000, 21.930025
872.000000, 22.019512
871.000000, 22.114035
870.000000, 22.204325
869.000000, 22.294194
868.000000, 22.390054
867.000000, 22.486480
866.000000, 22.579316
865.000000, 22.663723
864.000000, 22.759722
863.000000, 22.860671
862.000000, 22.953670
861.000000, 23.053920
860.000000, 22.855020
859.000000, 22.706759
858.000000, 22.719479
857.000000, 22.659293
856.000000, 22.828430
855.000000, 22.687817
854.000000, 22.891819
853.000000, 23.346823
852.000000, 23.305247
851.000000, 23.436918
850.000000, 23.577594
849.000000, 23.520805
848.000000, 23.606095
847.000000, 23.785778
846.000000, 23.883800
845.000000, 23.959463
844.000000, 24.018657
843.000000, 24.092205
842.000000, 24.251976
841.000000, 24.253309
840.000000, 24.323050
839.000000, 24.426487
838.000000, 24.468292
837.000000, 24.642258
836.000000, 24.758765
835.000000, 24.885800
834.000000, 24.983173
833.000000, 24.991337
832.000000, 25.140347
831.000000, 25.216874
830.000000, 25.312604
829.000000, 25.427902
828.000000, 25.526354
827.000000, 25.621591
826.000000, 25.669965
825.000000, 25.766965
824.000000, 25.924229
823.000000, 26.025916
822.000000, 26.111154
821.000000, 26.157149
820.000000, 26.170174
819.000000, 26.358629
818.000000, 26.511508
817.000000, 26.538344
816.000000, 26.568681
815.000000, 26.586701
814.000000, 26.741390
813.000000, 26.794585
812.000000, 26.834809
811.000000, 26.966770
810.000000, 27.075984
809.000000, 27.175562
808.000000, 27.257357
807.000000, 27.361820
806.000000, 27.476578
805.000000, 27.524810
804.000000, 27.643345
803.000000, 27.632982
802.000000, 27.649859
801.000000, 27.775231
800.000000, 27.822605
799.000000, 27.917892
798.000000, 27.999410
797.000000, 28.087497
796.000000, 28.156287
795.000000, 28.275777
794.000000, 28.201903
793.000000, 28.302692
792.000000, 28.391000
791.000000, 28.504459
790.000000, 28.516439
789.000000, 28.636859
788.000000, 28.662174
787.000000, 28.689655
786.000000, 28.711868
785.000000, 28.929229
784.000000, 28.976082
783.000000, 28.956400
782.000000, 29.035819
781.000000, 29.139191
780.000000, 29.106137
779.000000, 29.099268
778.000000, 29.192506
777.000000, 29.226174
776.000000, 29.339377
775.000000, 29.379015
774.000000, 29.389753
773.000000, 29.386352
772.000000, 29.465844
771.000000, 29.550550
770.000000, 29.558623
769.000000, 29.522604
768.000000, 29.615742
767.000000, 29.700713
766.000000, 29.721393
765.000000, 29.735405
764.000000, 29.726874
763.000000, 29.685746
762.000000, 29.787787
761.000000, 29.779623
760.000000, 29.820681
759.000000, 29.762334
758.000000, 29.820828
757.000000, 29.874197
756.000000, 29.885594
755.000000, 29.918816
754.000000, 29.890659
753.000000, 29.877058
752.000000, 29.900663
751.000000, 29.903934
750.000000, 29.905719
749.000000, 29.878763
748.000000, 29.910693
747.000000, 29.874927
746.000000, 29.931920
745.000000, 29.867812
744.000000, 29.817785
743.000000, 29.838809
742.000000, 29.860549
741.000000, 29.828888
740.000000, 29.739979
739.000000, 29.751154
738.000000, 29.731540
737.000000, 29.698672
736.000000, 29.745286
735.000000, 29.673953
734.000000, 29.600006
733.000000, 29.581939
732.000000, 29.553468
731.000000, 29.546395
730.000000, 29.533531
729.000000, 29.457272
728.000000, 29.364815
727.000000, 29.338244
726.000000, 29.289891
725.000000, 29.202630
724.000000, 29.225486
723.000000, 29.178550
722.000000, 29.072336
721.000000, 29.069286
720.000000, 28.947851
719.000000, 28.883858
718.000000, 28.864390
717.000000, 28.814681
716.000000, 28.675781
715.000000, 28.644154
714.000000, 28.599638
713.000000, 28.530254
712.000000, 28.436329
711.000000, 28.396122
710.000000, 28.288140
709.000000, 28.181086
708.000000, 28.131570
707.000000, 28.035690
706.000000, 28.003923
705.000000, 27.917204
704.000000, 27.844278
703.000000, 27.749314
702.000000, 27.673013
701.000000, 27.521388
700.000000, 27.487016
699.000000, 27.364136
698.000000, 27.309963
697.000000, 27.218093
696.000000, 27.078117
695.000000, 27.013698
694.000000, 26.959581
693.000000, 26.828095
692.000000, 26.743156
691.000000, 26.717432
690.000000, 26.563826
689.000000, 26.461241
688.000000, 26.342470
687.000000, 26.267034
686.000000, 26.168858
685.000000, 26.119559
684.000000, 25.993825
683.000000, 25.845350
682.000000, 25.751212
681.000000, 25.673809
680.000000, 25.575931
679.000000, 25.492804
678.000000, 25.382107
677.000000, 25.277750
676.000000, 25.179635
675.000000, 25.068671
674.000000, 24.994374
673.000000, 24.903790
672.000000, 24.801641
671.000000, 24.748329
670.000000, 24.634834
669.000000, 24.509326
668.000000, 24.399347
667.000000, 24.356298
666.000000, 24.239835
665.000000, 24.149588
664.000000, 24.077216
663.000000, 23.970311
662.000000, 23.896647
661.000000, 23.825226
660.000000, 23.754048
659.000000, 23.635483
658.000000, 23.565490
657.000000, 23.501367
656.000000, 23.410808
655.000000, 23.359933
654.000000, 23.262079
653.000000, 23.197269
652.000000, 23.101518
651.000000, 23.041873
650.000000, 22.947498
649.000000, 22.915803
648.000000, 22.849171
647.000000, 22.799142
646.000000, 22.748530
645.000000, 22.702214
644.000000, 22.630272
643.000000, 22.567470
642.000000, 22.509459
641.000000, 22.466714
640.000000, 22.452466
639.000000, 22.399639
638.000000, 22.371816
637.000000, 22.334950
636.000000, 22.308009
635.000000, 22.295608
634.000000, 22.271434
633.000000, 22.242868
632.000000, 22.210314
631.000000, 22.194108
630.000000, 22.205282
629.000000, 22.206171
628.000000, 22.202452
627.000000, 22.206544
626.000000, 22.203439
625.000000, 22.206115
624.000000, 22.203495
623.000000, 22.242842
622.000000, 22.245715
621.000000, 22.273819
620.000000, 22.306266
619.000000, 22.319854
618.000000, 22.362032
617.000000, 22.418127
616.000000, 22.464953
615.000000, 22.503485
614.000000, 22.563668
613.000000, 22.631888
612.000000, 22.681417
611.000000, 22.745864
610.000000, 22.807649
609.000000, 22.882806
608.000000, 22.946514
607.000000, 23.045394
606.000000, 23.116129
605.000000, 23.214328
604.000000, 23.293764
603.000000, 23.390466
602.000000, 23.498459
601.000000, 23.593759
600.000000, 23.686739
599.000000, 23.783892
598.000000, 23.902629
597.000000, 24.034841
596.000000, 24.151473
595.000000, 24.283878
594.000000, 24.415758
593.000000, 24.537795
592.000000, 24.648541
591.000000, 24.783069
590.000000, 24.935520
589.000000, 25.040201
588.000000, 25.178529
587.000000, 25.323143
586.000000, 25.457811
585.000000, 25.599808
584.000000, 25.737824
583.000000, 25.882705
582.000000, 26.024744
581.000000, 26.175997
580.000000, 26.333651
579.000000, 26.488949
578.000000, 26.646920
577.000000, 26.793254
576.000000, 26.940823
575.000000, 27.092529
574.000000, 27.258015
573.000000, 27.402373
572.000000, 27.560391
571.000000, 27.719960
570.000000, 27.867245
569.000000, 28.029676
568.000000, 28.201035
567.000000, 28.360792
566.000000, 28.510241
565.000000, 28.662412
564.000000, 28.832740
563.000000, 28.965312
562.000000, 29.122564
561.000000, 29.315581
560.000000, 29.453363
559.000000, 29.585549
558.000000, 29.742756
557.000000, 29.898476
556.000000, 30.045210
555.000000, 30.188015
554.000000, 30.322502
553.000000, 30.475871
552.000000, 30.635717
551.000000, 30.772623
550.000000, 30.921511
549.000000, 31.065046
548.000000, 31.187486
547.000000, 31.328341
546.000000, 31.479351
545.000000, 31.612219
544.000000, 31.733217
543.000000, 31.863726
542.000000, 31.998166
541.000000, 32.111957
540.000000, 32.229293
539.000000, 32.351086
538.000000, 32.475023
537.000000, 32.584785
536.000000, 32.685901
535.000000, 32.808630
534.000000, 32.921191
533.000000, 33.019835
532.000000, 33.111261
531.000000, 33.192201
530.000000, 33.276046
529.000000, 33.372491
528.000000, 33.455093
527.000000, 33.535952
526.000000, 33.619328
525.000000, 33.699958
524.000000, 33.762897
523.000000, 33.833039
522.000000, 33.901353
521.000000, 33.956509
520.000000, 34.019282
519.000000, 34.073277
518.000000, 34.117016
517.000000, 34.170767
516.000000, 34.227398
515.000000, 34.275663
514.000000, 34.308760
513.000000, 34.343232
512.000000, 34.372585
511.000000, 34.418417
510.000000, 34.461871
509.000000, 34.505865
508.000000, 34.533726
507.000000, 34.575606
506.000000, 34.602656
505.000000, 34.605178
504.000000, 34.633108
503.000000, 34.652350
502.000000, 34.646251
501.000000, 34.665078
500.000000, 34.666812
499.000000, 34.651373
498.000000, 34.609527
497.000000, 34.558764
496.000000, 34.543731
495.000000, 34.511461
494.000000, 34.438775
493.000000, 34.380299
492.000000, 34.334320
491.000000, 34.268480
490.000000, 34.214479
489.000000, 34.171048
488.000000, 34.121166
487.000000, 34.070594
486.000000, 34.001118
485.000000, 33.953171
484.000000, 33.907355
483.000000, 33.816783
482.000000, 33.710218
481.000000, 33.691894
480.000000, 33.715504
479.000000, 33.744551
478.000000, 33.785705
477.000000, 33.815797
476.000000, 33.836582
475.000000, 33.865984
474.000000, 33.883620
473.000000, 33.901566
472.000000, 33.941713
471.000000, 33.996845
470.000000, 34.045779
469.000000, 34.099930
468.000000, 34.164965
467.000000, 34.247680
466.000000, 34.317539
465.000000, 34.415330
464.000000, 34.515880
463.000000, 34.621125
462.000000, 34.717721
461.000000, 34.818440
460.000000, 34.931865
459.000000, 35.023478
458.000000, 35.119430
457.000000, 35.210984
456.000000, 35.308613
455.000000, 35.396711
454.000000, 35.483501
453.000000, 35.590368
452.000000, 35.685720
451.000000, 35.761855
450.000000, 35.824899
449.000000, 35.897660
448.000000, 36.006188
447.000000, 36.083296
446.000000, 36.151997
445.000000, 36.177309
444.000000, 36.241725
443.000000, 36.289769
442.000000, 36.389540
441.000000, 36.476041
440.000000, 36.548537
439.000000, 36.603236
438.000000, 36.652018
437.000000, 36.701197
436.000000, 36.773400
435.000000, 36.819893
434.000000, 36.822923
433.000000, 36.885557
432.000000, 36.904006
431.000000, 36.941494
430.000000, 36.954192
429.000000, 36.965143
428.000000, 36.972588
427.000000, 37.006469
426.000000, 36.975436
425.000000, 36.959142
424.000000, 36.980596
423.000000, 36.988094
422.000000, 36.970802
421.000000, 36.977483
420.000000, 36.964938
419.000000, 37.010755
418.000000, 37.006751
417.000000, 37.003831
416.000000, 36.998107
415.000000, 36.971113
414.000000, 36.979054
413.000000, 36.981136
412.000000, 37.015116
411.000000, 36.998896
410.000000, 37.008900
409.000000, 37.015503
408.000000, 37.023209
407.000000, 37.019851
406.000000, 36.994253
405.000000, 36.966212
404.000000, 36.917981
403.000000, 36.845852
402.000000, 36.768050
401.000000, 36.645436
400.000000, 36.487075
399.000000, 36.331645
398.000000, 36.112998
397.000000, 35.886460
396.000000, 35.594133
395.000000, 35.297919
394.000000, 34.965494
393.000000, 34.520325
392.000000, 34.129972
391.000000, 33.693909
390.000000, 33.212070
389.000000, 32.729403
388.000000, 32.258047
387.000000, 31.758872
386.000000, 31.288238
385.000000, 30.793724
384.000000, 30.358011
383.000000, 29.883284
382.000000, 29.378919
381.000000, 28.962464
380.000000, 28.497347
379.000000, 28.047966
378.000000, 27.186324
377.000000, 26.640416
376.000000, 26.165824
375.000000, 25.708288
374.000000, 25.154935
373.000000, 24.676245
372.000000, 24.137638
371.000000, 23.521441
370.000000, 23.002241
369.000000, 22.479258
368.000000, 21.948727
367.000000, 21.436323
366.000000, 20.881986
365.000000, 20.384319
364.000000, 20.003164
363.000000, 19.562938
362.000000, 19.254474
361.000000, 18.966739
360.000000, 18.651056
359.000000, 18.453555
358.000000, 18.254101
357.000000, 18.073840
356.000000, 17.903071
355.000000, 17.729756
354.000000, 17.631624
353.000000, 17.516425
352.000000, 17.426531
351.000000, 17.283768
350.000000, 17.234038
349.000000, 17.111897
348.000000, 16.976528
347.000000, 16.865690
346.000000, 16.781280
345.000000, 16.655494
344.000000, 16.534015
343.000000, 16.398209
342.000000, 16.302218
341.000000, 16.210570
340.000000, 16.089435
339.000000, 15.992312
338.000000, 15.822401
337.000000, 15.684349
336.000000, 15.536729
335.000000, 15.423581
334.000000, 15.231459
333.000000, 15.080266
332.000000, 14.953288
331.000000, 14.786365
330.000000, 14.697109
329.000000, 14.607040
328.000000, 14.556270
327.000000, 14.507756
326.000000, 14.482813
325.000000, 14.460700
324.000000, 14.425209
323.000000, 14.473475
322.000000, 14.504897
321.000000, 14.555709
320.000000, 14.593751
319.000000, 14.551874
318.000000, 13.961490
317.000000, 14.053968
316.000000, 14.108354
315.000000, 14.122221
314.000000, 14.150914
313.000000, 14.188034
312.000000, 14.196181
311.000000, 14.280730
310.000000, 14.258881
309.000000, 14.333894
308.000000, 14.333937
307.000000, 14.385431
306.000000, 14.385728
305.000000, 14.444239
304.000000, 14.502950
303.000000, 14.530396
302.000000, 14.663462
301.000000, 14.678820
300.000000, 14.693190
299.000000, 14.693262
298.000000, 14.722026
297.000000, 14.739820
296.000000, 14.835947
295.000000, 14.787396
294.000000, 14.869045
293.000000, 14.878024
292.000000, 14.937590
291.000000, 14.937260
290.000000, 14.979008
289.000000, 14.936231
288.000000, 14.945334
287.000000, 14.996320
286.000000, 15.067126
285.000000, 15.026630
284.000000, 15.077726
283.000000, 15.081417
282.000000, 15.070208
281.000000, 15.088490
280.000000, 15.098347
279.000000, 15.131287
278.000000, 15.133607
277.000000, 15.169196
276.000000, 15.205784
275.000000, 15.241694
274.000000, 15.327011
273.000000, 15.398787
272.000000, 15.449370
271.000000, 15.494942
270.000000, 15.546130
269.000000, 15.655865
268.000000, 15.757609
267.000000, 15.880617
266.000000, 15.977536
265.000000, 16.026529
264.000000, 16.130638
263.000000, 16.250015
262.000000, 16.356925
261.000000, 16.498691
260.000000, 16.595274
259.000000, 16.704845
258.000000, 16.827867
257.000000, 16.980230
256.000000, 17.099027
255.000000, 17.203981
254.000000, 17.298188
253.000000, 17.399759
252.000000, 17.531596
251.000000, 17.623716
250.000000, 17.708184
249.000000, 17.812913
248.000000, 17.934394
247.000000, 18.087391
246.000000, 18.215377
245.000000, 18.316106
244.000000, 18.463773
243.000000, 18.623726
242.000000, 18.799054
241.000000, 18.873560
240.000000, 19.097643
239.000000, 19.267760
238.000000, 19.371979
237.000000, 19.599619
236.000000, 19.808181
235.000000, 20.050527
234.000000, 20.260368
233.000000, 20.630862
232.000000, 20.987679
231.000000, 21.258211
230.000000, 21.489798
229.000000, 21.607974
228.000000, 21.732493
227.000000, 21.960597
226.000000, 22.102511
225.000000, 22.194158
224.000000, 22.345739
223.000000, 22.459154
222.000000, 22.444531
221.000000, 22.405132
220.000000, 22.316129
219.000000, 22.322601
218.000000, 22.307853
217.000000, 22.253295
216.000000, 22.239517
215.000000, 22.178986
214.000000, 22.177338
213.000000, 22.081816
212.000000, 21.945153
211.000000, 21.858307
210.000000, 22.070138
209.000000, 22.056649
208.000000, 21.987536
207.000000, 22.192187
206.000000, 22.319333
205.000000, 22.497843
204.000000, 22.865663
203.000000, 23.614846
202.000000, 24.282591
201.000000, 24.989731
200.000000, 26.291298
