nm, %T
2500.000000, 87.770733
2499.000000, 87.882718
2498.000000, 87.734816
2497.000000, 87.522749
2496.000000, 87.312603
2495.000000, 87.550778
2494.000000, 87.698745
2493.000000, 87.292159
2492.000000, 87.256559
2491.000000, 87.759750
2490.000000, 87.314721
2489.000000, 87.754511
2488.000000, 87.478671
2487.000000, 87.625040
2486.000000, 87.510577
2485.000000, 87.737686
2484.000000, 87.697201
2483.000000, 87.410850
2482.000000, 87.840342
2481.000000, 87.498911
2480.000000, 87.519053
2479.000000, 87.680273
2478.000000, 87.400571
2477.000000, 87.579808
2476.000000, 87.532246
2475.000000, 87.592615
2474.000000, 87.551840
2473.000000, 87.775615
2472.000000, 87.730882
2471.000000, 87.793977
2470.000000, 87.518050
2469.000000, 87.710274
2468.000000, 87.761267
2467.000000, 87.643461
2466.000000, 87.561526
2465.000000, 87.495109
2464.000000, 87.690876
2463.000000, 87.610266
2462.000000, 87.653554
2461.000000, 87.762029
2460.000000, 87.726699
2459.000000, 87.656208
2458.000000, 87.703410
2457.000000, 87.722202
2456.000000, 87.712455
2455.000000, 87.622757
2454.000000, 87.726091
2453.000000, 87.685550
2452.000000, 87.710384
2451.000000, 87.699275
2450.000000, 87.657073
2449.000000, 87.661211
2448.000000, 87.721809
2447.000000, 87.744300
2446.000000, 87.711019
2445.000000, 87.689870
2444.000000, 87.723857
2443.000000, 87.758907
2442.000000, 87.782656
2441.000000, 87.774750
2440.000000, 87.750730
2439.000000, 87.723772
2438.000000, 87.746326
2437.000000, 87.717646
2436.000000, 87.763269
2435.000000, 87.763767
2434.000000, 87.803864
2433.000000, 87.780718
2432.000000, 87.765328
2431.000000, 87.765779
2430.000000, 87.790311
2429.000000, 87.827423
2428.000000, 87.859411
2427.000000, 87.840113
2426.000000, 87.772513
2425.000000, 87.810435
2424.000000, 87.850104
2423.000000, 87.829466
2422.000000, 87.817642
2421.000000, 87.856950
2420.000000, 87.865960
2419.000000, 87.863305
2418.000000, 87.858979
2417.000000, 87.880804
2416.000000, 87.829247
2415.000000, 87.834113
2414.000000, 87.883228
2413.000000, 87.869334
2412.000000, 87.867723
2411.000000, 87.919885
2410.000000, 87.930895
2409.000000, 87.902951
2408.000000, 87.885242
2407.000000, 87.888946
2406.000000, 87.899417
2405.000000, 87.903934
2404.000000, 87.907471
2403.000000, 87.893299
2402.000000, 87.908259
2401.000000, 87.928272
2400.000000, 87.897735
2399.000000, 87.877222
2398.000000, 87.898693
2397.000000, 87.906055
2396.000000, 87.935273
2395.000000, 87.956676
2394.000000, 87.967168
2393.000000, 88.007687
2392.000000, 87.988830
2391.000000, 87.971693
2390.000000, 87.954824
2389.000000, 87.962492
2388.000000, 88.029305
2387.000000, 88.020836
2386.000000, 87.982395
2385.000000, 87.987337
2384.000000, 88.002323
2383.000000, 88.006551
2382.000000, 88.015828
2381.000000, 88.018294
2380.000000, 88.022687
2379.000000, 88.011258
2378.000000, 88.026657
2377.000000, 88.024091
2376.000000, 87.997902
2375.000000, 88.000170
2374.000000, 87.996493
2373.000000, 88.015060
2372.000000, 88.051281
2371.000000, 88.049325
2370.000000, 88.031101
2369.000000, 88.031711
2368.000000, 88.027752
2367.000000, 88.062159
2366.000000, 88.047904
2365.000000, 88.046642
2364.000000, 88.078915
2363.000000, 88.081813
2362.000000, 88.081420
2361.000000, 88.063645
2360.000000, 88.063624
2359.000000, 88.119171
2358.000000, 88.110580
2357.000000, 88.085460
2356.000000, 88.100682
2355.000000, 88.094461
2354.000000, 88.088864
2353.000000, 88.105950
2352.000000, 88.089285
2351.000000, 88.067927
2350.000000, 88.089673
2349.000000, 88.116770
2348.000000, 88.110902
2347.000000, 88.138168
2346.000000, 88.133509
2345.000000, 88.099351
2344.000000, 88.114492
2343.000000, 88.095721
2342.000000, 88.131601
2341.000000, 88.150873
2340.000000, 88.132466
2339.000000, 88.126444
2338.000000, 88.160428
2337.000000, 88.147403
2336.000000, 88.143331
2335.000000, 88.160386
2334.000000, 88.152927
2333.000000, 88.181887
2332.000000, 88.148636
2331.000000, 88.151302
2330.000000, 88.151135
2329.000000, 88.178410
2328.000000, 88.177478
2327.000000, 88.173037
2326.000000, 88.152441
2325.000000, 88.176827
2324.000000, 88.181853
2323.000000, 88.185696
2322.000000, 88.189005
2321.000000, 88.197064
2320.000000, 88.189731
2319.000000, 88.209611
2318.000000, 88.208622
2317.000000, 88.200328
2316.000000, 88.194045
2315.000000, 88.177507
2314.000000, 88.208465
2313.000000, 88.203553
2312.000000, 88.202650
2311.000000, 88.228778
2310.000000, 88.226107
2309.000000, 88.219187
2308.000000, 88.220681
2307.000000, 88.251235
2306.000000, 88.270718
2305.000000, 88.279877
2304.000000, 88.277108
2303.000000, 88.287714
2302.000000, 88.295164
2301.000000, 88.289854
2300.000000, 88.277099
2299.000000, 88.247038
2298.000000, 88.274654
2297.000000, 88.276342
2296.000000, 88.253563
2295.000000, 88.279619
2294.000000, 88.285468
2293.000000, 88.252403
2292.000000, 88.237353
2291.000000, 88.264142
2290.000000, 88.287737
2289.000000, 88.281138
2288.000000, 88.307667
2287.000000, 88.284535
2286.000000, 88.280023
2285.000000, 88.296358
2284.000000, 88.256244
2283.000000, 88.294997
2282.000000, 88.290730
2281.000000, 88.291895
2280.000000, 88.275509
2279.000000, 88.278449
2278.000000, 88.278019
2277.000000, 88.284085
2276.000000, 88.296284
2275.000000, 88.290961
2274.000000, 88.291057
2273.000000, 88.285641
2272.000000, 88.315188
2271.000000, 88.307586
2270.000000, 88.316816
2269.000000, 88.323944
2268.000000, 88.332968
2267.000000, 88.335871
2266.000000, 88.332356
2265.000000, 88.319498
2264.000000, 88.319259
2263.000000, 88.327515
2262.000000, 88.321392
2261.000000, 88.325045
2260.000000, 88.352050
2259.000000, 88.329043
2258.000000, 88.327631
2257.000000, 88.320385
2256.000000, 88.309754
2255.000000, 88.322532
2254.000000, 88.320160
2253.000000, 88.319135
2252.000000, 88.336005
2251.000000, 88.338045
2250.000000, 88.319986
2249.000000, 88.348718
2248.000000, 88.343162
2247.000000, 88.340973
2246.000000, 88.323516
2245.000000, 88.350707
2244.000000, 88.358662
2243.000000, 88.368437
2242.000000, 88.346136
2241.000000, 88.356985
2240.000000, 88.367070
2239.000000, 88.351779
2238.000000, 88.353508
2237.000000, 88.364805
2236.000000, 88.342723
2235.000000, 88.354999
2234.000000, 88.353645
2233.000000, 88.357876
2232.000000, 88.364994
2231.000000, 88.368724
2230.000000, 88.353490
2229.000000, 88.371130
2228.000000, 88.379182
2227.000000, 88.386980
2226.000000, 88.389049
2225.000000, 88.380811
2224.000000, 88.376974
2223.000000, 88.389434
2222.000000, 88.395011
2221.000000, 88.398815
2220.000000, 88.401639
2219.000000, 88.383970
2218.000000, 88.399015
2217.000000, 88.392765
2216.000000, 88.405497
2215.000000, 88.420111
2214.000000, 88.416993
2213.000000, 88.411239
2212.000000, 88.421979
2211.000000, 88.428402
2210.000000, 88.424288
2209.000000, 88.434371
2208.000000, 88.447859
2207.000000, 88.441756
2206.000000, 88.440805
2205.000000, 88.456113
2204.000000, 88.461597
2203.000000, 88.450980
2202.000000, 88.452869
2201.000000, 88.466832
2200.000000, 88.476828
2199.000000, 88.479287
2198.000000, 88.495052
2197.000000, 88.494932
2196.000000, 88.495798
2195.000000, 88.503624
2194.000000, 88.492565
2193.000000, 88.498516
2192.000000, 88.501499
2191.000000, 88.513028
2190.000000, 88.531758
2189.000000, 88.517293
2188.000000, 88.516765
2187.000000, 88.531739
2186.000000, 88.540544
2185.000000, 88.548953
2184.000000, 88.557685
2183.000000, 88.564647
2182.000000, 88.566659
2181.000000, 88.557032
2180.000000, 88.568022
2179.000000, 88.574383
2178.000000, 88.571151
2177.000000, 88.574526
2176.000000, 88.586993
2175.000000, 88.593386
2174.000000, 88.590914
2173.000000, 88.603877
2172.000000, 88.613112
2171.000000, 88.615149
2170.000000, 88.629741
2169.000000, 88.632660
2168.000000, 88.618346
2167.000000, 88.624089
2166.000000, 88.637656
2165.000000, 88.632210
2164.000000, 88.633685
2163.000000, 88.650488
2162.000000, 88.659100
2161.000000, 88.661946
2160.000000, 88.655379
2159.000000, 88.655630
2158.000000, 88.662006
2157.000000, 88.672899
2156.000000, 88.675445
2155.000000, 88.690516
2154.000000, 88.688968
2153.000000, 88.682811
2152.000000, 88.679953
2151.000000, 88.680898
2150.000000, 88.691471
2149.000000, 88.693911
2148.000000, 88.693869
2147.000000, 88.723616
2146.000000, 88.709945
2145.000000, 88.702713
2144.000000, 88.706083
2143.000000, 88.715730
2142.000000, 88.725315
2141.000000, 88.715541
2140.000000, 88.730603
2139.000000, 88.737902
2138.000000, 88.727318
2137.000000, 88.729426
2136.000000, 88.717453
2135.000000, 88.736543
2134.000000, 88.723779
2133.000000, 88.719874
2132.000000, 88.720324
2131.000000, 88.729446
2130.000000, 88.722427
2129.000000, 88.720573
2128.000000, 88.747569
2127.000000, 88.727994
2126.000000, 88.719172
2125.000000, 88.720040
2124.000000, 88.728491
2123.000000, 88.732840
2122.000000, 88.724143
2121.000000, 88.725250
2120.000000, 88.732911
2119.000000, 88.725781
2118.000000, 88.754724
2117.000000, 88.748893
2116.000000, 88.738783
2115.000000, 88.733964
2114.000000, 88.722037
2113.000000, 88.729805
2112.000000, 88.720746
2111.000000, 88.729162
2110.000000, 88.731845
2109.000000, 88.735434
2108.000000, 88.719995
2107.000000, 88.720034
2106.000000, 88.720139
2105.000000, 88.727854
2104.000000, 88.720453
2103.000000, 88.708654
2102.000000, 88.723008
2101.000000, 88.735279
2100.000000, 88.743418
2099.000000, 88.735668
2098.000000, 88.704413
2097.000000, 88.729420
2096.000000, 88.701857
2095.000000, 88.685362
2094.000000, 88.689963
2093.000000, 88.716944
2092.000000, 88.714369
2091.000000, 88.713392
2090.000000, 88.708030
2089.000000, 88.698252
2088.000000, 88.723404
2087.000000, 88.736598
2086.000000, 88.713803
2085.000000, 88.733337
2084.000000, 88.712796
2083.000000, 88.719813
2082.000000, 88.711697
2081.000000, 88.722746
2080.000000, 88.700214
2079.000000, 88.702156
2078.000000, 88.713680
2077.000000, 88.680413
2076.000000, 88.692463
2075.000000, 88.681549
2074.000000, 88.674700
2073.000000, 88.700869
2072.000000, 88.702200
2071.000000, 88.701872
2070.000000, 88.706091
2069.000000, 88.686869
2068.000000, 88.692627
2067.000000, 88.673931
2066.000000, 88.682763
2065.000000, 88.690912
2064.000000, 88.673637
2063.000000, 88.672459
2062.000000, 88.685542
2061.000000, 88.710376
2060.000000, 88.676707
2059.000000, 88.700728
2058.000000, 88.669142
2057.000000, 88.674869
2056.000000, 88.668050
2055.000000, 88.663037
2054.000000, 88.679549
2053.000000, 88.684278
2052.000000, 88.685441
2051.000000, 88.671679
2050.000000, 88.683625
2049.000000, 88.699581
2048.000000, 88.665120
2047.000000, 88.664994
2046.000000, 88.688001
2045.000000, 88.675173
2044.000000, 88.675504
2043.000000, 88.677485
2042.000000, 88.663657
2041.000000, 88.647158
2040.000000, 88.658451
2039.000000, 88.653586
2038.000000, 88.642703
2037.000000, 88.642836
2036.000000, 88.642378
2035.000000, 88.641519
2034.000000, 88.633164
2033.000000, 88.638728
2032.000000, 88.639802
2031.000000, 88.628362
2030.000000, 88.637569
2029.000000, 88.634543
2028.000000, 88.637569
2027.000000, 88.632553
2026.000000, 88.633532
2025.000000, 88.624542
2024.000000, 88.625683
2023.000000, 88.623397
2022.000000, 88.606366
2021.000000, 88.596395
2020.000000, 88.609402
2019.000000, 88.597775
2018.000000, 88.593582
2017.000000, 88.594672
2016.000000, 88.592017
2015.000000, 88.595831
2014.000000, 88.590410
2013.000000, 88.565830
2012.000000, 88.582484
2011.000000, 88.572700
2010.000000, 88.594285
2009.000000, 88.583657
2008.000000, 88.571577
2007.000000, 88.582418
2006.000000, 88.592944
2005.000000, 88.582104
2004.000000, 88.588447
2003.000000, 88.586077
2002.000000, 88.570926
2001.000000, 88.561111
2000.000000, 88.588542
1999.000000, 88.601852
1998.000000, 88.624023
1997.000000, 88.587159
1996.000000, 88.602293
1995.000000, 88.568496
1994.000000, 88.596518
1993.000000, 88.600998
1992.000000, 88.564756
1991.000000, 88.593972
1990.000000, 88.621469
1989.000000, 88.573973
1988.000000, 88.568131
1987.000000, 88.586959
1986.000000, 88.596309
1985.000000, 88.616043
1984.000000, 88.591530
1983.000000, 88.578564
1982.000000, 88.582929
1981.000000, 88.579998
1980.000000, 88.591290
1979.000000, 88.558408
1978.000000, 88.570474
1977.000000, 88.565632
1976.000000, 88.553971
1975.000000, 88.583924
1974.000000, 88.562914
1973.000000, 88.542164
1972.000000, 88.551585
1971.000000, 88.565726
1970.000000, 88.543289
1969.000000, 88.528838
1968.000000, 88.544609
1967.000000, 88.554033
1966.000000, 88.554401
1965.000000, 88.551365
1964.000000, 88.544830
1963.000000, 88.548338
1962.000000, 88.557290
1961.000000, 88.553172
1960.000000, 88.540503
1959.000000, 88.537571
1958.000000, 88.528661
1957.000000, 88.521624
1956.000000, 88.520305
1955.000000, 88.511583
1954.000000, 88.512255
1953.000000, 88.523329
1952.000000, 88.513536
1951.000000, 88.506896
1950.000000, 88.511429
1949.000000, 88.499304
1948.000000, 88.511450
1947.000000, 88.513779
1946.000000, 88.497174
1945.000000, 88.497031
1944.000000, 88.473858
1943.000000, 88.491614
1942.000000, 88.508279
1941.000000, 88.485903
1940.000000, 88.469671
1939.000000, 88.455779
1938.000000, 88.452003
1937.000000, 88.440643
1936.000000, 88.419706
1935.000000, 88.408078
1934.000000, 88.403186
1933.000000, 88.401489
1932.000000, 88.402895
1931.000000, 88.398676
1930.000000, 88.371468
1929.000000, 88.331481
1928.000000, 88.332205
1927.000000, 88.342965
1926.000000, 88.335634
1925.000000, 88.337703
1924.000000, 88.322823
1923.000000, 88.291110
1922.000000, 88.285044
1921.000000, 88.289725
1920.000000, 88.263848
1919.000000, 88.245654
1918.000000, 88.259214
1917.000000, 88.253992
1916.000000, 88.252404
1915.000000, 88.236746
1914.000000, 88.244694
1913.000000, 88.229186
1912.000000, 88.225285
1911.000000, 88.224112
1910.000000, 88.214985
1909.000000, 88.220235
1908.000000, 88.225742
1907.000000, 88.222196
1906.000000, 88.202935
1905.000000, 88.214355
1904.000000, 88.206716
1903.000000, 88.208019
1902.000000, 88.200148
1901.000000, 88.212998
1900.000000, 88.178487
1899.000000, 88.166351
1898.000000, 88.185108
1897.000000, 88.202391
1896.000000, 88.194098
1895.000000, 88.191209
1894.000000, 88.202427
1893.000000, 88.173043
1892.000000, 88.184806
1891.000000, 88.169555
1890.000000, 88.188676
1889.000000, 88.216601
1888.000000, 88.176089
1887.000000, 88.174117
1886.000000, 88.170104
1885.000000, 88.181003
1884.000000, 88.182882
1883.000000, 88.177145
1882.000000, 88.175339
1881.000000, 88.180792
1880.000000, 88.179062
1879.000000, 88.175664
1878.000000, 88.176646
1877.000000, 88.141885
1876.000000, 88.128849
1875.000000, 88.151044
1874.000000, 88.136624
1873.000000, 88.124182
1872.000000, 88.113936
1871.000000, 88.094590
1870.000000, 88.079890
1869.000000, 88.082465
1868.000000, 88.081487
1867.000000, 88.075263
1866.000000, 88.074693
1865.000000, 88.072491
1864.000000, 88.069407
1863.000000, 88.046950
1862.000000, 88.059698
1861.000000, 88.033200
1860.000000, 88.072300
1859.000000, 88.081264
1858.000000, 88.041893
1857.000000, 88.049788
1856.000000, 88.001388
1855.000000, 88.046718
1854.000000, 88.029251
1853.000000, 88.014072
1852.000000, 87.987836
1851.000000, 87.989399
1850.000000, 87.961699
1849.000000, 87.963861
1848.000000, 87.949671
1847.000000, 87.961096
1846.000000, 87.963553
1845.000000, 87.965670
1844.000000, 87.950567
1843.000000, 87.951998
1842.000000, 87.914316
1841.000000, 87.952742
1840.000000, 87.933888
1839.000000, 87.933830
1838.000000, 87.930949
1837.000000, 87.922832
1836.000000, 87.911503
1835.000000, 87.854486
1834.000000, 87.910026
1833.000000, 87.881501
1832.000000, 87.874619
1831.000000, 87.828541
1830.000000, 87.827191
1829.000000, 87.858694
1828.000000, 87.806005
1827.000000, 87.816679
1826.000000, 87.795237
1825.000000, 87.764598
1824.000000, 87.761911
1823.000000, 87.766862
1822.000000, 87.751710
1821.000000, 87.754165
1820.000000, 87.762975
1819.000000, 87.719857
1818.000000, 87.720878
1817.000000, 87.714850
1816.000000, 87.725138
1815.000000, 87.676149
1814.000000, 87.666206
1813.000000, 87.643864
1812.000000, 87.679773
1811.000000, 87.642441
1810.000000, 87.641126
1809.000000, 87.636636
1808.000000, 87.622126
1807.000000, 87.614407
1806.000000, 87.577593
1805.000000, 87.612331
1804.000000, 87.597697
1803.000000, 87.573781
1802.000000, 87.540541
1801.000000, 87.584600
1800.000000, 87.536080
1799.000000, 87.516382
1798.000000, 87.483275
1797.000000, 87.488046
1796.000000, 87.506357
1795.000000, 87.485677
1794.000000, 87.469351
1793.000000, 87.427463
1792.000000, 87.450665
1791.000000, 87.442887
1790.000000, 87.432583
1789.000000, 87.411394
1788.000000, 87.388440
1787.000000, 87.386514
1786.000000, 87.370309
1785.000000, 87.365488
1784.000000, 87.343831
1783.000000, 87.353895
1782.000000, 87.335190
1781.000000, 87.312716
1780.000000, 87.307563
1779.000000, 87.267821
1778.000000, 87.268607
1777.000000, 87.263251
1776.000000, 87.246350
1775.000000, 87.211874
1774.000000, 87.208479
1773.000000, 87.195631
1772.000000, 87.176822
1771.000000, 87.174840
1770.000000, 87.172652
1769.000000, 87.157359
1768.000000, 87.143150
1767.000000, 87.127111
1766.000000, 87.120375
1765.000000, 87.102371
1764.000000, 87.070578
1763.000000, 87.065459
1762.000000, 87.053845
1761.000000, 87.041670
1760.000000, 87.029225
1759.000000, 87.019873
1758.000000, 87.005593
1757.000000, 86.993261
1756.000000, 86.978552
1755.000000, 86.975067
1754.000000, 86.968085
1753.000000, 86.961227
1752.000000, 86.948285
1751.000000, 86.937804
1750.000000, 86.927411
1749.000000, 86.911178
1748.000000, 86.890093
1747.000000, 86.865052
1746.000000, 86.859733
1745.000000, 86.849294
1744.000000, 86.838285
1743.000000, 86.830500
1742.000000, 86.809404
1741.000000, 86.802103
1740.000000, 86.794842
1739.000000, 86.777875
1738.000000, 86.759278
1737.000000, 86.743151
1736.000000, 86.730447
1735.000000, 86.722297
1734.000000, 86.717415
1733.000000, 86.705758
1732.000000, 86.687930
1731.000000, 86.672607
1730.000000, 86.655540
1729.000000, 86.637325
1728.000000, 86.627375
1727.000000, 86.617778
1726.000000, 86.606233
1725.000000, 86.576833
1724.000000, 86.553989
1723.000000, 86.547019
1722.000000, 86.533161
1721.000000, 86.516035
1720.000000, 86.491941
1719.000000, 86.472244
1718.000000, 86.468619
1717.000000, 86.460207
1716.000000, 86.440763
1715.000000, 86.422099
1714.000000, 86.407432
1713.000000, 86.385605
1712.000000, 86.361730
1711.000000, 86.346724
1710.000000, 86.338003
1709.000000, 86.335132
1708.000000, 86.322880
1707.000000, 86.281907
1706.000000, 86.267698
1705.000000, 86.273730
1704.000000, 86.252043
1703.000000, 86.226753
1702.000000, 86.211315
1701.000000, 86.188059
1700.000000, 86.198350
1699.000000, 86.188509
1698.000000, 86.135298
1697.000000, 86.129290
1696.000000, 86.130582
1695.000000, 86.104863
1694.000000, 86.081938
1693.000000, 86.069699
1692.000000, 86.054370
1691.000000, 86.034976
1690.000000, 86.034348
1689.000000, 86.016767
1688.000000, 85.995672
1687.000000, 85.976134
1686.000000, 85.940919
1685.000000, 85.925801
1684.000000, 85.914983
1683.000000, 85.889869
1682.000000, 85.871596
1681.000000, 85.860982
1680.000000, 85.854271
1679.000000, 85.844150
1678.000000, 85.820075
1677.000000, 85.799888
1676.000000, 85.782359
1675.000000, 85.768584
1674.000000, 85.751006
1673.000000, 85.731173
1672.000000, 85.722446
1671.000000, 85.695625
1670.000000, 85.665389
1669.000000, 85.646042
1668.000000, 85.631260
1667.000000, 85.611437
1666.000000, 85.584042
1665.000000, 85.557316
1664.000000, 85.547895
1663.000000, 85.538073
1662.000000, 85.533269
1661.000000, 85.509374
1660.000000, 85.503717
1659.000000, 85.460587
1658.000000, 85.438458
1657.000000, 85.423722
1656.000000, 85.403919
1655.000000, 85.400616
1654.000000, 85.390534
1653.000000, 85.360275
1652.000000, 85.346564
1651.000000, 85.335586
1650.000000, 85.279062
1649.000000, 85.253214
1648.000000, 85.247686
1647.000000, 85.247280
1646.000000, 85.228052
1645.000000, 85.193477
1644.000000, 85.183121
1643.000000, 85.177810
1642.000000, 85.148028
1641.000000, 85.135524
1640.000000, 85.075842
1639.000000, 85.081336
1638.000000, 85.082965
1637.000000, 85.063643
1636.000000, 85.043664
1635.000000, 84.990845
1634.000000, 84.979058
1633.000000, 84.947343
1632.000000, 84.954786
1631.000000, 84.941366
1630.000000, 84.895943
1629.000000, 84.889502
1628.000000, 84.892148
1627.000000, 84.829951
1626.000000, 84.861488
1625.000000, 84.820160
1624.000000, 84.802107
1623.000000, 84.762891
1622.000000, 84.717339
1621.000000, 84.721627
1620.000000, 84.727590
1619.000000, 84.699875
1618.000000, 84.661619
1617.000000, 84.624384
1616.000000, 84.610672
1615.000000, 84.623145
1614.000000, 84.570353
1613.000000, 84.533234
1612.000000, 84.512236
1611.000000, 84.503329
1610.000000, 84.500108
1609.000000, 84.469377
1608.000000, 84.444009
1607.000000, 84.424357
1606.000000, 84.378975
1605.000000, 84.391790
1604.000000, 84.382946
1603.000000, 84.355148
1602.000000, 84.319217
1601.000000, 84.307628
1600.000000, 84.290461
1599.000000, 84.264360
1598.000000, 84.229067
1597.000000, 84.222860
1596.000000, 84.191182
1595.000000, 84.167974
1594.000000, 84.158195
1593.000000, 84.134229
1592.000000, 84.103148
1591.000000, 84.099429
1590.000000, 84.066956
1589.000000, 84.041341
1588.000000, 84.027475
1587.000000, 83.995633
1586.000000, 83.965091
1585.000000, 83.958393
1584.000000, 83.933415
1583.000000, 83.905666
1582.000000, 83.879724
1581.000000, 83.851208
1580.000000, 83.830717
1579.000000, 83.805802
1578.000000, 83.788085
1577.000000, 83.764315
1576.000000, 83.741351
1575.000000, 83.719407
1574.000000, 83.680724
1573.000000, 83.663228
1572.000000, 83.639374
1571.000000, 83.614309
1570.000000, 83.601758
1569.000000, 83.575321
1568.000000, 83.552364
1567.000000, 83.522191
1566.000000, 83.485354
1565.000000, 83.473204
1564.000000, 83.443043
1563.000000, 83.418854
1562.000000, 83.403608
1561.000000, 83.383934
1560.000000, 83.359127
1559.000000, 83.345526
1558.000000, 83.317286
1557.000000, 83.291219
1556.000000, 83.261258
1555.000000, 83.245621
1554.000000, 83.214830
1553.000000, 83.198552
1552.000000, 83.174088
1551.000000, 83.145044
1550.000000, 83.128501
1549.000000, 83.116289
1548.000000, 83.085851
1547.000000, 83.060707
1546.000000, 83.036429
1545.000000, 83.016260
1544.000000, 82.993803
1543.000000, 82.956832
1542.000000, 82.951782
1541.000000, 82.943409
1540.000000, 82.907693
1539.000000, 82.873607
1538.000000, 82.839128
1537.000000, 82.833049
1536.000000, 82.815871
1535.000000, 82.788718
1534.000000, 82.761983
1533.000000, 82.737099
1532.000000, 82.728999
1531.000000, 82.687252
1530.000000, 82.649104
1529.000000, 82.646574
1528.000000, 82.635426
1527.000000, 82.597536
1526.000000, 82.549708
1525.000000, 82.528973
1524.000000, 82.519832
1523.000000, 82.474876
1522.000000, 82.459806
1521.000000, 82.446623
1520.000000, 82.406407
1519.000000, 82.368339
1518.000000, 82.348793
1517.000000, 82.342064
1516.000000, 82.315557
1515.000000, 82.279232
1514.000000, 82.241173
1513.000000, 82.214794
1512.000000, 82.206200
1511.000000, 82.192761
1510.000000, 82.166380
1509.000000, 82.124607
1508.000000, 82.082950
1507.000000, 82.058276
1506.000000, 82.048544
1505.000000, 82.026687
1504.000000, 81.997909
1503.000000, 81.979833
1502.000000, 81.965103
1501.000000, 81.937600
1500.000000, 81.909197
1499.000000, 81.887614
1498.000000, 81.864745
1497.000000, 81.837119
1496.000000, 81.803923
1495.000000, 81.769979
1494.000000, 81.750258
1493.000000, 81.732529
1492.000000, 81.705631
1491.000000, 81.673694
1490.000000, 81.652683
1489.000000, 81.636937
1488.000000, 81.601981
1487.000000, 81.572740
1486.000000, 81.545686
1485.000000, 81.524756
1484.000000, 81.499058
1483.000000, 81.479359
1482.000000, 81.457329
1481.000000, 81.431839
1480.000000, 81.408045
1479.000000, 81.377397
1478.000000, 81.331273
1477.000000, 81.309168
1476.000000, 81.283338
1475.000000, 81.257800
1474.000000, 81.242054
1473.000000, 81.219537
1472.000000, 81.181983
1471.000000, 81.152032
1470.000000, 81.131576
1469.000000, 81.103904
1468.000000, 81.088775
1467.000000, 81.045735
1466.000000, 81.050156
1465.000000, 81.025208
1464.000000, 80.985034
1463.000000, 80.954159
1462.000000, 80.914421
1461.000000, 80.882993
1460.000000, 80.885214
1459.000000, 80.860539
1458.000000, 80.820532
1457.000000, 80.799462
1456.000000, 80.778058
1455.000000, 80.747853
1454.000000, 80.731650
1453.000000, 80.708426
1452.000000, 80.682308
1451.000000, 80.662912
1450.000000, 80.641074
1449.000000, 80.616580
1448.000000, 80.588684
1447.000000, 80.553361
1446.000000, 80.541951
1445.000000, 80.517737
1444.000000, 80.477107
1443.000000, 80.457341
1442.000000, 80.440345
1441.000000, 80.408025
1440.000000, 80.389026
1439.000000, 80.363050
1438.000000, 80.329297
1437.000000, 80.316676
1436.000000, 80.324782
1435.000000, 80.291355
1434.000000, 80.259980
1433.000000, 80.236214
1432.000000, 80.221156
1431.000000, 80.200118
1430.000000, 80.173176
1429.000000, 80.140509
1428.000000, 80.098901
1427.000000, 80.072544
1426.000000, 80.064729
1425.000000, 80.045544
1424.000000, 80.016140
1423.000000, 79.988655
1422.000000, 79.971659
1421.000000, 79.934142
1420.000000, 79.927628
1419.000000, 79.903984
1418.000000, 79.851032
1417.000000, 79.869219
1416.000000, 79.835370
1415.000000, 79.829973
1414.000000, 79.763177
1413.000000, 79.775111
1412.000000, 79.731579
1411.000000, 79.710750
1410.000000, 79.696766
1409.000000, 79.679440
1408.000000, 79.668476
1407.000000, 79.616956
1406.000000, 79.602255
1405.000000, 79.580084
1404.000000, 79.563512
1403.000000, 79.524348
1402.000000, 79.518311
1401.000000, 79.466050
1400.000000, 79.452094
1399.000000, 79.424478
1398.000000, 79.404098
1397.000000, 79.373896
1396.000000, 79.349751
1395.000000, 79.328095
1394.000000, 79.305519
1393.000000, 79.298127
1392.000000, 79.275689
1391.000000, 79.234455
1390.000000, 79.226128
1389.000000, 79.206778
1388.000000, 79.191731
1387.000000, 79.175394
1386.000000, 79.175954
1385.000000, 79.170601
1384.000000, 79.122182
1383.000000, 79.112891
1382.000000, 79.093793
1381.000000, 79.054280
1380.000000, 79.052931
1379.000000, 79.014810
1378.000000, 78.997446
1377.000000, 78.982661
1376.000000, 78.961582
1375.000000, 78.924122
1374.000000, 78.949385
1373.000000, 78.917858
1372.000000, 78.884406
1371.000000, 78.872801
1370.000000, 78.858663
1369.000000, 78.834438
1368.000000, 78.813723
1367.000000, 78.775520
1366.000000, 78.775088
1365.000000, 78.743630
1364.000000, 78.733176
1363.000000, 78.704517
1362.000000, 78.693413
1361.000000, 78.672529
1360.000000, 78.649373
1359.000000, 78.633574
1358.000000, 78.637200
1357.000000, 78.578014
1356.000000, 78.534814
1355.000000, 78.528863
1354.000000, 78.562997
1353.000000, 78.514761
1352.000000, 78.486703
1351.000000, 78.465861
1350.000000, 78.454737
1349.000000, 78.473758
1348.000000, 78.424629
1347.000000, 78.390347
1346.000000, 78.387528
1345.000000, 78.374780
1344.000000, 78.328145
1343.000000, 78.328273
1342.000000, 78.331410
1341.000000, 78.304726
1340.000000, 78.285527
1339.000000, 78.275345
1338.000000, 78.265150
1337.000000, 78.233347
1336.000000, 78.220762
1335.000000, 78.210189
1334.000000, 78.195301
1333.000000, 78.194177
1332.000000, 78.180981
1331.000000, 78.164719
1330.000000, 78.151567
1329.000000, 78.139522
1328.000000, 78.120768
1327.000000, 78.110880
1326.000000, 78.101089
1325.000000, 78.090469
1324.000000, 78.088859
1323.000000, 78.075154
1322.000000, 78.046458
1321.000000, 78.035088
1320.000000, 78.043656
1319.000000, 78.022131
1318.000000, 78.011115
1317.000000, 78.011942
1316.000000, 77.990670
1315.000000, 77.964036
1314.000000, 77.960474
1313.000000, 77.959954
1312.000000, 77.956724
1311.000000, 77.953818
1310.000000, 77.936879
1309.000000, 77.920245
1308.000000, 77.920159
1307.000000, 77.905288
1306.000000, 77.897662
1305.000000, 77.899512
1304.000000, 77.887666
1303.000000, 77.873585
1302.000000, 77.868060
1301.000000, 77.859539
1300.000000, 77.849121
1299.000000, 77.843858
1298.000000, 77.834921
1297.000000, 77.823871
1296.000000, 77.824305
1295.000000, 77.827443
1294.000000, 77.818772
1293.000000, 77.804214
1292.000000, 77.798007
1291.000000, 77.796474
1290.000000, 77.780407
1289.000000, 77.784156
1288.000000, 77.797651
1287.000000, 77.791999
1286.000000, 77.786394
1285.000000, 77.789473
1284.000000, 77.786566
1283.000000, 77.773580
1282.000000, 77.759832
1281.000000, 77.770846
1280.000000, 77.778122
1279.000000, 77.775254
1278.000000, 77.769317
1277.000000, 77.769958
1276.000000, 77.767492
1275.000000, 77.757601
1274.000000, 77.758270
1273.000000, 77.754650
1272.000000, 77.751603
1271.000000, 77.757795
1270.000000, 77.753152
1269.000000, 77.753260
1268.000000, 77.753002
1267.000000, 77.749142
1266.000000, 77.743160
1265.000000, 77.763359
1264.000000, 77.772379
1263.000000, 77.768606
1262.000000, 77.773421
1261.000000, 77.771004
1260.000000, 77.763985
1259.000000, 77.773260
1258.000000, 77.779679
1257.000000, 77.775084
1256.000000, 77.786375
1255.000000, 77.792563
1254.000000, 77.786899
1253.000000, 77.796250
1252.000000, 77.808925
1251.000000, 77.818676
1250.000000, 77.829594
1249.000000, 77.829429
1248.000000, 77.825928
1247.000000, 77.828640
1246.000000, 77.837352
1245.000000, 77.839398
1244.000000, 77.861978
1243.000000, 77.863329
1242.000000, 77.872922
1241.000000, 77.888309
1240.000000, 77.899294
1239.000000, 77.886271
1238.000000, 77.878538
1237.000000, 77.911755
1236.000000, 77.924270
1235.000000, 77.932101
1234.000000, 77.938675
1233.000000, 77.958068
1232.000000, 77.965301
1231.000000, 77.969929
1230.000000, 77.989480
1229.000000, 77.984290
1228.000000, 78.000481
1227.000000, 78.012340
1226.000000, 78.037490
1225.000000, 78.043353
1224.000000, 78.062621
1223.000000, 78.094505
1222.000000, 78.104386
1221.000000, 78.118462
1220.000000, 78.119742
1219.000000, 78.149414
1218.000000, 78.161110
1217.000000, 78.174035
1216.000000, 78.191903
1215.000000, 78.199856
1214.000000, 78.226549
1213.000000, 78.230049
1212.000000, 78.242307
1211.000000, 78.260340
1210.000000, 78.271123
1209.000000, 78.308717
1208.000000, 78.305713
1207.000000, 78.324152
1206.000000, 78.344949
1205.000000, 78.367544
1204.000000, 78.391963
1203.000000, 78.403751
1202.000000, 78.420428
1201.000000, 78.442198
1200.000000, 78.463581
1199.000000, 78.476485
1198.000000, 78.507512
1197.000000, 78.515251
1196.000000, 78.543772
1195.000000, 78.556747
1194.000000, 78.597619
1193.000000, 78.603578
1192.000000, 78.612816
1191.000000, 78.661529
1190.000000, 78.652214
1189.000000, 78.702635
1188.000000, 78.717439
1187.000000, 78.748251
1186.000000, 78.774983
1185.000000, 78.799720
1184.000000, 78.815627
1183.000000, 78.852669
1182.000000, 78.860801
1181.000000, 78.876410
1180.000000, 78.901574
1179.000000, 78.939523
1178.000000, 78.958650
1177.000000, 78.993156
1176.000000, 79.021982
1175.000000, 79.050552
1174.000000, 79.078250
1173.000000, 79.097727
1172.000000, 79.131646
1171.000000, 79.147938
1170.000000, 79.165193
1169.000000, 79.203740
1168.000000, 79.235442
1167.000000, 79.258134
1166.000000, 79.291957
1165.000000, 79.308113
1164.000000, 79.341635
1163.000000, 79.368990
1162.000000, 79.404062
1161.000000, 79.431716
1160.000000, 79.464552
1159.000000, 79.501845
1158.000000, 79.536249
1157.000000, 79.574650
1156.000000, 79.586972
1155.000000, 79.618028
1154.000000, 79.645008
1153.000000, 79.696854
1152.000000, 79.736135
1151.000000, 79.764353
1150.000000, 79.783760
1149.000000, 79.822182
1148.000000, 79.858756
1147.000000, 79.896010
1146.000000, 79.932395
1145.000000, 79.969560
1144.000000, 79.992874
1143.000000, 80.026159
1142.000000, 80.049600
1141.000000, 80.086989
1140.000000, 80.126490
1139.000000, 80.162923
1138.000000, 80.197856
1137.000000, 80.231447
1136.000000, 80.282904
1135.000000, 80.326437
1134.000000, 80.354645
1133.000000, 80.395223
1132.000000, 80.431669
1131.000000, 80.457627
1130.000000, 80.488498
1129.000000, 80.518904
1128.000000, 80.564881
1127.000000, 80.606552
1126.000000, 80.643043
1125.000000, 80.673545
1124.000000, 80.714680
1123.000000, 80.759549
1122.000000, 80.794649
1121.000000, 80.831817
1120.000000, 80.857160
1119.000000, 80.889385
1118.000000, 80.937867
1117.000000, 80.975293
1116.000000, 81.009277
1115.000000, 81.045676
1114.000000, 81.083589
1113.000000, 81.117265
1112.000000, 81.149671
1111.000000, 81.188529
1110.000000, 81.223364
1109.000000, 81.257048
1108.000000, 81.300763
1107.000000, 81.332926
1106.000000, 81.375881
1105.000000, 81.418284
1104.000000, 81.457274
1103.000000, 81.504467
1102.000000, 81.539187
1101.000000, 81.576486
1100.000000, 81.617549
1099.000000, 81.649907
1098.000000, 81.679673
1097.000000, 81.718473
1096.000000, 81.765782
1095.000000, 81.813186
1094.000000, 81.855446
1093.000000, 81.898506
1092.000000, 81.937357
1091.000000, 81.979760
1090.000000, 82.008789
1089.000000, 82.046959
1088.000000, 82.091539
1087.000000, 82.132361
1086.000000, 82.162204
1085.000000, 82.201245
1084.000000, 82.253588
1083.000000, 82.295563
1082.000000, 82.330147
1081.000000, 82.369915
1080.000000, 82.407864
1079.000000, 82.450455
1078.000000, 82.496929
1077.000000, 82.533375
1076.000000, 82.570045
1075.000000, 82.617023
1074.000000, 82.657245
1073.000000, 82.682318
1072.000000, 82.711944
1071.000000, 82.753218
1070.000000, 82.797210
1069.000000, 82.833825
1068.000000, 82.866623
1067.000000, 82.901166
1066.000000, 82.932993
1065.000000, 82.967221
1064.000000, 83.007422
1063.000000, 83.043232
1062.000000, 83.073116
1061.000000, 83.116770
1060.000000, 83.156164
1059.000000, 83.185642
1058.000000, 83.219373
1057.000000, 83.263844
1056.000000, 83.300588
1055.000000, 83.330177
1054.000000, 83.371052
1053.000000, 83.402861
1052.000000, 83.429530
1051.000000, 83.457576
1050.000000, 83.483856
1049.000000, 83.519513
1048.000000, 83.546562
1047.000000, 83.580562
1046.000000, 83.612885
1045.000000, 83.636793
1044.000000, 83.678309
1043.000000, 83.705445
1042.000000, 83.762287
1041.000000, 83.770254
1040.000000, 83.787779
1039.000000, 83.830858
1038.000000, 83.865959
1037.000000, 83.881419
1036.000000, 83.912116
1035.000000, 83.937306
1034.000000, 83.958710
1033.000000, 83.991105
1032.000000, 84.024959
1031.000000, 84.045385
1030.000000, 84.060667
1029.000000, 84.105861
1028.000000, 84.136270
1027.000000, 84.148190
1026.000000, 84.161842
1025.000000, 84.176922
1024.000000, 84.209332
1023.000000, 84.235205
1022.000000, 84.251919
1021.000000, 84.277229
1020.000000, 84.287290
1019.000000, 84.308123
1018.000000, 84.314645
1017.000000, 84.325130
1016.000000, 84.364999
1015.000000, 84.377874
1014.000000, 84.366250
1013.000000, 84.376016
1012.000000, 84.411442
1011.000000, 84.418616
1010.000000, 84.447877
1009.000000, 84.432653
1008.000000, 84.455936
1007.000000, 84.464042
1006.000000, 84.476851
1005.000000, 84.473881
1004.000000, 84.470110
1003.000000, 84.486303
1002.000000, 84.483182
1001.000000, 84.493927
1000.000000, 84.509126
999.000000, 84.514506
998.000000, 84.521837
997.000000, 84.494838
996.000000, 84.496074
995.000000, 84.509799
994.000000, 84.509513
993.000000, 84.524700
992.000000, 84.495226
991.000000, 84.481914
990.000000, 84.465058
989.000000, 84.491516
988.000000, 84.489846
987.000000, 84.489652
986.000000, 84.460873
985.000000, 84.460772
984.000000, 84.450086
983.000000, 84.425693
982.000000, 84.448617
981.000000, 84.399013
980.000000, 84.379893
979.000000, 84.384019
978.000000, 84.375057
977.000000, 84.367650
976.000000, 84.327051
975.000000, 84.310750
974.000000, 84.301581
973.000000, 84.297967
972.000000, 84.244909
971.000000, 84.203032
970.000000, 84.229047
969.000000, 84.211052
968.000000, 84.129861
967.000000, 84.114983
966.000000, 84.098713
965.000000, 84.084856
964.000000, 84.000751
963.000000, 84.004587
962.000000, 83.951933
961.000000, 83.936349
960.000000, 83.866076
959.000000, 83.844054
958.000000, 83.831140
957.000000, 83.753801
956.000000, 83.726162
955.000000, 83.670503
954.000000, 83.638506
953.000000, 83.605530
952.000000, 83.504667
951.000000, 83.465969
950.000000, 83.422390
949.000000, 83.396023
948.000000, 83.322743
947.000000, 83.249562
946.000000, 83.214625
945.000000, 83.161394
944.000000, 83.105451
943.000000, 83.061665
942.000000, 82.996117
941.000000, 82.922259
940.000000, 82.870703
939.000000, 82.799001
938.000000, 82.728495
937.000000, 82.634391
936.000000, 82.582502
935.000000, 82.537868
934.000000, 82.437555
933.000000, 82.384167
932.000000, 82.320137
931.000000, 82.231729
930.000000, 82.147701
929.000000, 82.089484
928.000000, 82.011833
927.000000, 81.896383
926.000000, 81.850883
925.000000, 81.776848
924.000000, 81.700572
923.000000, 81.586871
922.000000, 81.516166
921.000000, 81.415070
920.000000, 81.346857
919.000000, 81.253287
918.000000, 81.171945
917.000000, 81.060263
916.000000, 80.973985
915.000000, 80.884160
914.000000, 80.798541
913.000000, 80.711131
912.000000, 80.600287
911.000000, 80.533408
910.000000, 80.431046
909.000000, 80.336032
908.000000, 80.243904
907.000000, 80.153747
906.000000, 80.058643
905.000000, 79.949963
904.000000, 79.853209
903.000000, 79.748589
902.000000, 79.640142
901.000000, 79.536226
900.000000, 79.429957
899.000000, 79.319458
898.000000, 79.208200
897.000000, 79.099429
896.000000, 79.001837
895.000000, 78.892629
894.000000, 78.781840
893.000000, 78.679455
892.000000, 78.564018
891.000000, 78.448791
890.000000, 78.336895
889.000000, 78.221519
888.000000, 78.107657
887.000000, 77.992176
886.000000, 77.877411
885.000000, 77.750631
884.000000, 77.634348
883.000000, 77.506494
882.000000, 77.380877
881.000000, 77.280893
880.000000, 77.153329
879.000000, 77.045601
878.000000, 76.929115
877.000000, 76.795597
876.000000, 76.665815
875.000000, 76.518074
874.000000, 76.391259
873.000000, 76.267638
872.000000, 76.139955
871.000000, 76.010849
870.000000, 75.874329
869.000000, 75.739069
868.000000, 75.612164
867.000000, 75.488976
866.000000, 75.356332
865.000000, 75.216860
864.000000, 75.068727
863.000000, 74.927318
862.000000, 74.794196
861.000000, 74.651633
860.000000, 74.980130
859.000000, 74.960730
858.000000, 74.321861
857.000000, 74.034281
856.000000, 73.808411
855.000000, 73.695030
854.000000, 73.720303
853.000000, 73.666769
852.000000, 73.411555
851.000000, 73.535117
850.000000, 73.272654
849.000000, 72.646720
848.000000, 72.533826
847.000000, 72.617924
846.000000, 72.526666
845.000000, 72.351223
844.000000, 72.253281
843.000000, 72.037271
842.000000, 71.871681
841.000000, 71.535257
840.000000, 71.465635
839.000000, 71.750743
838.000000, 71.375179
837.000000, 71.077431
836.000000, 71.140496
835.000000, 71.030711
834.000000, 70.887534
833.000000, 70.399476
832.000000, 70.314824
831.000000, 70.452611
830.000000, 70.306136
829.000000, 70.231338
828.000000, 70.122370
827.000000, 70.038075
826.000000, 69.683696
825.000000, 69.423801
824.000000, 69.478364
823.000000, 69.447509
822.000000, 69.336576
821.000000, 69.104753
820.000000, 68.989309
819.000000, 69.046820
818.000000, 68.875256
817.000000, 68.619913
816.000000, 68.299406
815.000000, 68.139324
814.000000, 68.000437
813.000000, 67.836672
812.000000, 67.729038
811.000000, 67.603050
810.000000, 67.434417
809.000000, 67.464193
808.000000, 67.257205
807.000000, 67.175515
806.000000, 67.200460
805.000000, 67.123137
804.000000, 66.922722
803.000000, 66.682518
802.000000, 66.620545
801.000000, 66.536102
800.000000, 66.400516
799.000000, 66.293564
798.000000, 66.092651
797.000000, 66.093320
796.000000, 65.951873
795.000000, 65.898528
794.000000, 65.709237
793.000000, 65.550185
792.000000, 65.506977
791.000000, 65.489468
790.000000, 65.358893
789.000000, 65.226800
788.000000, 65.228307
787.000000, 65.033711
786.000000, 64.997152
785.000000, 64.900797
784.000000, 64.795613
783.000000, 64.755430
782.000000, 64.634856
781.000000, 64.515067
780.000000, 64.413974
779.000000, 64.281555
778.000000, 64.221562
777.000000, 64.119908
776.000000, 64.101895
775.000000, 63.928705
774.000000, 63.793552
773.000000, 63.836961
772.000000, 63.811323
771.000000, 63.794891
770.000000, 63.724458
769.000000, 63.501245
768.000000, 63.359815
767.000000, 63.450655
766.000000, 63.525743
765.000000, 63.420340
764.000000, 63.269869
763.000000, 63.191930
762.000000, 63.207200
761.000000, 63.104643
760.000000, 63.196828
759.000000, 63.036132
758.000000, 63.114066
757.000000, 62.942358
756.000000, 62.813380
755.000000, 62.809562
754.000000, 62.918876
753.000000, 62.828298
752.000000, 62.795500
751.000000, 62.725202
750.000000, 62.770146
749.000000, 62.656870
748.000000, 62.772075
747.000000, 62.789535
746.000000, 62.660342
745.000000, 62.621986
744.000000, 62.588259
743.000000, 62.521164
742.000000, 62.612500
741.000000, 62.699445
740.000000, 62.494822
739.000000, 62.594487
738.000000, 62.615645
737.000000, 62.605960
736.000000, 62.657674
735.000000, 62.702665
734.000000, 62.546731
733.000000, 62.681497
732.000000, 62.754092
731.000000, 62.828799
730.000000, 62.696810
729.000000, 62.717812
728.000000, 62.718962
727.000000, 62.722413
726.000000, 62.873615
725.000000, 62.735598
724.000000, 62.989590
723.000000, 62.984996
722.000000, 62.908911
721.000000, 63.031585
720.000000, 63.063744
719.000000, 63.059157
718.000000, 63.150447
717.000000, 63.102442
716.000000, 63.170519
715.000000, 63.226312
714.000000, 63.405486
713.000000, 63.436006
712.000000, 63.422249
711.000000, 63.467254
710.000000, 63.544981
709.000000, 63.628517
708.000000, 63.678315
707.000000, 63.738145
706.000000, 63.827076
705.000000, 63.979878
704.000000, 64.047735
703.000000, 64.059548
702.000000, 64.165851
701.000000, 64.276829
700.000000, 64.325522
699.000000, 64.472590
698.000000, 64.463053
697.000000, 64.606143
696.000000, 64.758118
695.000000, 64.726735
694.000000, 64.988201
693.000000, 64.943562
692.000000, 65.095972
691.000000, 65.224338
690.000000, 65.292025
689.000000, 65.400888
688.000000, 65.492873
687.000000, 65.513436
686.000000, 65.692109
685.000000, 65.811531
684.000000, 65.907690
683.000000, 65.935235
682.000000, 66.038878
681.000000, 66.249917
680.000000, 66.297538
679.000000, 66.527550
678.000000, 66.565290
677.000000, 66.665523
676.000000, 66.737102
675.000000, 66.891491
674.000000, 66.999439
673.000000, 67.168102
672.000000, 67.220137
671.000000, 67.427174
670.000000, 67.495709
669.000000, 67.588442
668.000000, 67.702148
667.000000, 67.838006
666.000000, 67.915356
665.000000, 67.980069
664.000000, 68.217156
663.000000, 68.371263
662.000000, 68.412528
661.000000, 68.504232
660.000000, 68.673537
659.000000, 68.778047
658.000000, 68.899331
657.000000, 69.007727
656.000000, 69.114525
655.000000, 69.186114
654.000000, 69.373368
653.000000, 69.416745
652.000000, 69.546412
651.000000, 69.623112
650.000000, 69.684424
649.000000, 69.845202
648.000000, 69.923752
647.000000, 70.060894
646.000000, 70.098808
645.000000, 70.208006
644.000000, 70.325448
643.000000, 70.326740
642.000000, 70.443013
641.000000, 70.550380
640.000000, 70.581415
639.000000, 70.715663
638.000000, 70.751328
637.000000, 70.765028
636.000000, 70.918210
635.000000, 70.956548
634.000000, 70.992161
633.000000, 71.029087
632.000000, 71.033083
631.000000, 71.077611
630.000000, 71.085190
629.000000, 71.113258
628.000000, 71.137892
627.000000, 71.164674
626.000000, 71.115900
625.000000, 71.152900
624.000000, 71.183615
623.000000, 71.140568
622.000000, 71.162221
621.000000, 71.069807
620.000000, 71.060505
619.000000, 71.052777
618.000000, 70.955089
617.000000, 70.951345
616.000000, 70.884980
615.000000, 70.838406
614.000000, 70.768212
613.000000, 70.749861
612.000000, 70.644535
611.000000, 70.553429
610.000000, 70.460571
609.000000, 70.365543
608.000000, 70.324863
607.000000, 70.219123
606.000000, 70.059210
605.000000, 69.949581
604.000000, 69.847801
603.000000, 69.690407
602.000000, 69.534717
601.000000, 69.440503
600.000000, 69.291156
599.000000, 69.097198
598.000000, 68.938736
597.000000, 68.778697
596.000000, 68.620081
595.000000, 68.442860
594.000000, 68.298188
593.000000, 68.151725
592.000000, 67.949271
591.000000, 67.757227
590.000000, 67.629203
589.000000, 67.356411
588.000000, 67.130358
587.000000, 66.958493
586.000000, 66.774650
585.000000, 66.535693
584.000000, 66.328126
583.000000, 66.160321
582.000000, 65.951877
581.000000, 65.709822
580.000000, 65.488051
579.000000, 65.294563
578.000000, 65.075851
577.000000, 64.845128
576.000000, 64.604417
575.000000, 64.435541
574.000000, 64.220514
573.000000, 64.003926
572.000000, 63.780391
571.000000, 63.553034
570.000000, 63.329304
569.000000, 63.111680
568.000000, 62.924097
567.000000, 62.736016
566.000000, 62.477577
565.000000, 62.260030
564.000000, 62.063710
563.000000, 61.846481
562.000000, 61.647007
561.000000, 61.459602
560.000000, 61.253264
559.000000, 61.036237
558.000000, 60.822019
557.000000, 60.640463
556.000000, 60.445807
555.000000, 60.262194
554.000000, 60.100150
553.000000, 59.918630
552.000000, 59.723354
551.000000, 59.546330
550.000000, 59.391022
549.000000, 59.204937
548.000000, 59.045508
547.000000, 58.901201
546.000000, 58.737369
545.000000, 58.601109
544.000000, 58.457746
543.000000, 58.309570
542.000000, 58.158073
541.000000, 58.008549
540.000000, 57.890223
539.000000, 57.761589
538.000000, 57.659113
537.000000, 57.528191
536.000000, 57.418411
535.000000, 57.320696
534.000000, 57.227653
533.000000, 57.155102
532.000000, 57.049696
531.000000, 56.955115
530.000000, 56.867910
529.000000, 56.790073
528.000000, 56.708930
527.000000, 56.638719
526.000000, 56.610839
525.000000, 56.566879
524.000000, 56.499342
523.000000, 56.458482
522.000000, 56.410358
521.000000, 56.384221
520.000000, 56.361506
519.000000, 56.328894
518.000000, 56.322585
517.000000, 56.319181
516.000000, 56.312903
515.000000, 56.310630
514.000000, 56.317904
513.000000, 56.322947
512.000000, 56.333099
511.000000, 56.353265
510.000000, 56.370005
509.000000, 56.388178
508.000000, 56.413986
507.000000, 56.471950
506.000000, 56.529007
505.000000, 56.569962
504.000000, 56.614174
503.000000, 56.684295
502.000000, 56.735959
501.000000, 56.809082
500.000000, 56.866081
499.000000, 56.921619
498.000000, 56.968603
497.000000, 57.021640
496.000000, 57.083495
495.000000, 57.141139
494.000000, 57.170455
493.000000, 57.200824
492.000000, 57.276031
491.000000, 57.268124
490.000000, 57.303962
489.000000, 57.361034
488.000000, 57.377289
487.000000, 57.392898
486.000000, 57.373680
485.000000, 57.401462
484.000000, 57.398765
483.000000, 57.346700
482.000000, 57.296711
481.000000, 57.269897
480.000000, 57.251588
479.000000, 57.211807
478.000000, 57.182304
477.000000, 57.143603
476.000000, 57.101695
475.000000, 57.037991
474.000000, 56.944189
473.000000, 56.861083
472.000000, 56.747860
471.000000, 56.668127
470.000000, 56.542107
469.000000, 56.424988
468.000000, 56.291462
467.000000, 56.170464
466.000000, 56.046376
465.000000, 55.900973
464.000000, 55.756986
463.000000, 55.608802
462.000000, 55.462095
461.000000, 55.297644
460.000000, 55.156908
459.000000, 54.989662
458.000000, 54.810087
457.000000, 54.635887
456.000000, 54.474115
455.000000, 54.277253
454.000000, 54.119147
453.000000, 53.955821
452.000000, 53.780714
451.000000, 53.626827
450.000000, 53.444154
449.000000, 53.268208
448.000000, 53.181587
447.000000, 53.017705
446.000000, 52.852963
445.000000, 52.705421
444.000000, 52.593470
443.000000, 52.499622
442.000000, 52.367237
441.000000, 52.276569
440.000000, 52.174207
439.000000, 52.094066
438.000000, 51.987999
437.000000, 51.924611
436.000000, 51.880803
435.000000, 51.828863
434.000000, 51.788472
433.000000, 51.742518
432.000000, 51.713808
431.000000, 51.683853
430.000000, 51.687587
429.000000, 51.652203
428.000000, 51.648127
427.000000, 51.671121
426.000000, 51.622087
425.000000, 51.608804
424.000000, 51.635007
423.000000, 51.619858
422.000000, 51.630465
421.000000, 51.625705
420.000000, 51.670754
419.000000, 51.658688
418.000000, 51.643065
417.000000, 51.622698
416.000000, 51.537164
415.000000, 51.492851
414.000000, 51.506434
413.000000, 51.411942
412.000000, 51.292805
411.000000, 51.195077
410.000000, 51.051390
409.000000, 50.914709
408.000000, 50.733203
407.000000, 50.504192
406.000000, 50.302140
405.000000, 49.986116
404.000000, 49.713841
403.000000, 49.368287
402.000000, 48.960681
401.000000, 48.554418
400.000000, 48.067142
399.000000, 47.539592
398.000000, 46.977552
397.000000, 46.410022
396.000000, 45.770026
395.000000, 45.034498
394.000000, 44.363911
393.000000, 43.468293
392.000000, 42.744043
391.000000, 41.892866
390.000000, 41.041297
389.000000, 40.136375
388.000000, 39.334448
387.000000, 38.490731
386.000000, 37.616298
385.000000, 36.725368
384.000000, 35.903130
383.000000, 35.083064
382.000000, 34.273918
381.000000, 33.485992
380.000000, 32.649048
379.000000, 31.874459
378.000000, 30.989055
377.000000, 30.136825
376.000000, 29.281493
375.000000, 28.523021
374.000000, 27.654052
373.000000, 26.806024
372.000000, 25.976653
371.000000, 25.096535
370.000000, 24.229469
369.000000, 23.329396
368.000000, 22.489977
367.000000, 21.624141
366.000000, 20.775368
365.000000, 19.976518
364.000000, 19.215373
363.000000, 18.529474
362.000000, 17.833162
361.000000, 17.175587
360.000000, 16.567371
359.000000, 16.009130
358.000000, 15.495670
357.000000, 15.017355
356.000000, 14.571506
355.000000, 14.124450
354.000000, 13.749795
353.000000, 13.363146
352.000000, 13.029753
351.000000, 12.698259
350.000000, 12.404670
349.000000, 12.128999
348.000000, 11.841838
347.000000, 11.588031
346.000000, 11.353871
345.000000, 11.136054
344.000000, 10.919985
343.000000, 10.734543
342.000000, 10.562176
341.000000, 10.397734
340.000000, 10.234892
339.000000, 10.134005
338.000000, 9.983768
337.000000, 9.871262
336.000000, 9.789781
335.000000, 9.641650
334.000000, 9.588677
333.000000, 9.462843
332.000000, 9.409722
331.000000, 9.375383
330.000000, 9.348616
329.000000, 9.315160
328.000000, 9.278300
327.000000, 9.270123
326.000000, 9.237989
325.000000, 9.256822
324.000000, 9.204759
323.000000, 9.168340
322.000000, 9.182587
321.000000, 9.206879
320.000000, 9.231056
319.000000, 9.402100
318.000000, 10.655738
317.000000, 10.646951
316.000000, 10.632393
315.000000, 10.640892
314.000000, 10.620410
313.000000, 10.635498
312.000000, 10.680048
311.000000, 10.669505
310.000000, 10.624062
309.000000, 10.642214
308.000000, 10.686276
307.000000, 10.676269
306.000000, 10.646294
305.000000, 10.642055
304.000000, 10.723232
303.000000, 10.679432
302.000000, 10.682570
301.000000, 10.715153
300.000000, 10.711215
299.000000, 10.682956
298.000000, 10.660699
297.000000, 10.661304
296.000000, 10.695512
295.000000, 10.681085
294.000000, 10.732489
293.000000, 10.674131
292.000000, 10.671263
291.000000, 10.663860
290.000000, 10.713960
289.000000, 10.666801
288.000000, 10.631922
287.000000, 10.644615
286.000000, 10.673173
285.000000, 10.691063
284.000000, 10.670292
283.000000, 10.598465
282.000000, 10.654667
281.000000, 10.643330
280.000000, 10.620399
279.000000, 10.574581
278.000000, 10.613926
277.000000, 10.608760
276.000000, 10.627333
275.000000, 10.620788
274.000000, 10.614909
273.000000, 10.589792
272.000000, 10.582305
271.000000, 10.568649
270.000000, 10.563598
269.000000, 10.575125
268.000000, 10.579173
267.000000, 10.626863
266.000000, 10.569606
265.000000, 10.537169
264.000000, 10.529266
263.000000, 10.532147
262.000000, 10.553682
261.000000, 10.551506
260.000000, 10.526162
259.000000, 10.495860
258.000000, 10.495131
257.000000, 10.540916
256.000000, 10.604258
255.000000, 10.593382
254.000000, 10.581821
253.000000, 10.581079
252.000000, 10.598928
251.000000, 10.608265
250.000000, 10.647699
249.000000, 10.634559
248.000000, 10.598233
247.000000, 10.630792
246.000000, 10.637156
245.000000, 10.631390
244.000000, 10.703144
243.000000, 10.775361
242.000000, 10.758059
241.000000, 10.680868
240.000000, 10.718002
239.000000, 10.769144
238.000000, 10.752744
237.000000, 10.785399
236.000000, 10.831799
235.000000, 10.845734
234.000000, 10.854184
233.000000, 10.873932
232.000000, 10.929184
231.000000, 10.938988
230.000000, 10.943804
229.000000, 10.964222
228.000000, 10.915862
227.000000, 10.895223
226.000000, 10.903748
225.000000, 10.870280
224.000000, 10.849923
223.000000, 10.805172
222.000000, 10.734760
221.000000, 10.679921
220.000000, 10.571818
219.000000, 10.521381
218.000000, 10.491681
217.000000, 10.379421
216.000000, 10.256934
215.000000, 10.143306
214.000000, 10.054410
213.000000, 9.986094
212.000000, 9.842576
211.000000, 9.737071
210.000000, 9.574240
209.000000, 9.362534
208.000000, 9.307080
207.000000, 9.279267
206.000000, 9.236133
205.000000, 9.121461
204.000000, 9.070558
203.000000, 9.148482
202.000000, 9.196119
201.000000, 9.237581
200.000000, 9.318667
